Screen title,Screen title (exact),Flyer title,Flyer title (exact),ID,Region,Release date,Developer,Publisher,Tags,MD5,SHA1,SHA256,SHA512
600,=,600,=,600,Japan,1981-11,Konami,Konami,#input:joystick>4:buttons>1 #players:2:alt #genre:action>maze #arcadeboard:namco #search:tate>cw #lang:en #mamerom:turtles>600,2f766c406e957f9043343e886dda33fd,f6fe7c952d6e1053601293ea9607b43c2c208bce,58ddeeb8195e91cf7f0116002a36cff7a22b2a6fcebee142ae0bd436a11ef9f1,e6618cde07a15ccaee429ef4bbb7e299d0a6ba3032f579fd701f905fd087c9d49c27b73dca4c083b4a75823b3e9821c1f99d258ec1921cd58a26b1a881ad46e3
Turtles,=,Turtles,=,600,USA,1981-12,Konami,Stern,#input:joystick>4:buttons>1 #players:2:alt #genre:action>maze #arcadeboard:namco #search:tate>cw #lang:en #mameparent #mamerom:turtles,2f766c406e957f9043343e886dda33fd,f6fe7c952d6e1053601293ea9607b43c2c208bce,58ddeeb8195e91cf7f0116002a36cff7a22b2a6fcebee142ae0bd436a11ef9f1,e6618cde07a15ccaee429ef4bbb7e299d0a6ba3032f579fd701f905fd087c9d49c27b73dca4c083b4a75823b3e9821c1f99d258ec1921cd58a26b1a881ad46e3
Turpin,=,Turpin,Turpin セガ・ターピン,600,Japan,1981-11,Konami,SEGA,#input:joystick>4:buttons>1 #players:2:alt #genre:action>maze #arcadeboard:namco #search:tate>cw #lang:en #mamerom:turtles>turpin,2f766c406e957f9043343e886dda33fd,f6fe7c952d6e1053601293ea9607b43c2c208bce,58ddeeb8195e91cf7f0116002a36cff7a22b2a6fcebee142ae0bd436a11ef9f1,e6618cde07a15ccaee429ef4bbb7e299d0a6ba3032f579fd701f905fd087c9d49c27b73dca4c083b4a75823b3e9821c1f99d258ec1921cd58a26b1a881ad46e3
Turpin,=,Turpin,=,600,,1981,Konami,,#input:joystick>4:buttons>1 #players:2:alt #genre:action>maze #arcadeboard:namco #search:tate>cw #lang:en #unlicensed:bootleg #mamerom:turtles>turpins,2f766c406e957f9043343e886dda33fd,f6fe7c952d6e1053601293ea9607b43c2c208bce,58ddeeb8195e91cf7f0116002a36cff7a22b2a6fcebee142ae0bd436a11ef9f1,e6618cde07a15ccaee429ef4bbb7e299d0a6ba3032f579fd701f905fd087c9d49c27b73dca4c083b4a75823b3e9821c1f99d258ec1921cd58a26b1a881ad46e3
Turpin,=,Turpin,=,600,Spain,1982,Konami,Novatronic,#input:joystick>4:buttons>1 #players:2:alt #genre:action>maze #arcadeboard:namco #search:tate>cw #lang:en #unlicensed:bootleg #mamerom:turtles>turpinnv,2f766c406e957f9043343e886dda33fd,f6fe7c952d6e1053601293ea9607b43c2c208bce,58ddeeb8195e91cf7f0116002a36cff7a22b2a6fcebee142ae0bd436a11ef9f1,e6618cde07a15ccaee429ef4bbb7e299d0a6ba3032f579fd701f905fd087c9d49c27b73dca4c083b4a75823b3e9821c1f99d258ec1921cd58a26b1a881ad46e3
Amidar,=,Amidar,=,amidar,Japan,1981-10,Konami,Konami,#input:joystick>4:buttons>1 #players:2:alt #genre:action>maze #arcadeboard:namco #search:tate>cw #set:1 #lang:en #mamerom:amidar>amidar1,bb7641477dc9e5c5221c42ce111a9e68,d9a92dc68b81734397a98c42b36eb8221cd21877,233e4a08697311e0da95ecb0ae076921e7b04a37abd109a7a021d98a1372ece2,c2c1404da06854aa93007df406d60a2beb375fd24028c967f36933d7ed57c2c2be7a1f13045733a149d3aa7b119a9e1d2e4be5d9cc74cc520f50f6b752750442
Amidar,=,Amidar,=,amidar,Japan,1982-04-30,Konami,Konami,#input:joystick>4:buttons>1 #players:2:alt #genre:action>maze #arcadeboard:namco #search:tate>cw #set:2 #lang:en #mameparent #mamerom:amidar,bb7641477dc9e5c5221c42ce111a9e68,d9a92dc68b81734397a98c42b36eb8221cd21877,233e4a08697311e0da95ecb0ae076921e7b04a37abd109a7a021d98a1372ece2,c2c1404da06854aa93007df406d60a2beb375fd24028c967f36933d7ed57c2c2be7a1f13045733a149d3aa7b119a9e1d2e4be5d9cc74cc520f50f6b752750442
Amidar,=,Amidar,=,amidar,Japan,1982,Konami,Konami,#input:joystick>4:buttons>1 #players:2:alt #genre:action>maze #arcadeboard:konami #search:tate>cw #lang:en #mamerom:amidar>amidars,bb7641477dc9e5c5221c42ce111a9e68,d9a92dc68b81734397a98c42b36eb8221cd21877,233e4a08697311e0da95ecb0ae076921e7b04a37abd109a7a021d98a1372ece2,c2c1404da06854aa93007df406d60a2beb375fd24028c967f36933d7ed57c2c2be7a1f13045733a149d3aa7b119a9e1d2e4be5d9cc74cc520f50f6b752750442
Amidar,=,Amidar,=,amidar,USA,1982,Konami,Stern,#input:joystick>4:buttons>1 #players:2:alt #genre:action>maze #arcadeboard:namco #search:tate>cw #lang:en #mamerom:amidar>amidaru,bb7641477dc9e5c5221c42ce111a9e68,d9a92dc68b81734397a98c42b36eb8221cd21877,233e4a08697311e0da95ecb0ae076921e7b04a37abd109a7a021d98a1372ece2,c2c1404da06854aa93007df406d60a2beb375fd24028c967f36933d7ed57c2c2be7a1f13045733a149d3aa7b119a9e1d2e4be5d9cc74cc520f50f6b752750442
Amidar,=,Amidar,=,amidar,Italy,1982,Konami,Olympia,#input:joystick>4:buttons>1 #players:2:alt #genre:action>maze #arcadeboard:namco #search:tate>cw #lang:en #mamerom:amidar>amidaro,bb7641477dc9e5c5221c42ce111a9e68,d9a92dc68b81734397a98c42b36eb8221cd21877,233e4a08697311e0da95ecb0ae076921e7b04a37abd109a7a021d98a1372ece2,c2c1404da06854aa93007df406d60a2beb375fd24028c967f36933d7ed57c2c2be7a1f13045733a149d3aa7b119a9e1d2e4be5d9cc74cc520f50f6b752750442
Amidar,=,Amidar,=,amidar,Spain,1982,Konami,Cirsa,#input:joystick>4:buttons>1 #players:2:alt #genre:action>maze #arcadeboard:namco #search:tate>cw #lang:en #unlicensed:bootleg #mamerom:amidar>amidarc,bb7641477dc9e5c5221c42ce111a9e68,d9a92dc68b81734397a98c42b36eb8221cd21877,233e4a08697311e0da95ecb0ae076921e7b04a37abd109a7a021d98a1372ece2,c2c1404da06854aa93007df406d60a2beb375fd24028c967f36933d7ed57c2c2be7a1f13045733a149d3aa7b119a9e1d2e4be5d9cc74cc520f50f6b752750442
Amidar,=,Amidar,=,amidar,,1982,Konami,,#input:joystick>4:buttons>1 #players:2:alt #genre:action>maze #arcadeboard:namco #search:tate>cw #set:1 #lang:en #unlicensed:bootleg #mamerom:amidar>amidarb,bb7641477dc9e5c5221c42ce111a9e68,d9a92dc68b81734397a98c42b36eb8221cd21877,233e4a08697311e0da95ecb0ae076921e7b04a37abd109a7a021d98a1372ece2,c2c1404da06854aa93007df406d60a2beb375fd24028c967f36933d7ed57c2c2be7a1f13045733a149d3aa7b119a9e1d2e4be5d9cc74cc520f50f6b752750442
Amidar,=,Amidar,=,amidar,,1982,Konami,,#input:joystick>4:buttons>1 #players:2:alt #genre:action>maze #arcadeboard:namco #search:tate>cw #set:2 #lang:en #unlicensed:bootleg #mamerom:amidar>amidarb2,bb7641477dc9e5c5221c42ce111a9e68,d9a92dc68b81734397a98c42b36eb8221cd21877,233e4a08697311e0da95ecb0ae076921e7b04a37abd109a7a021d98a1372ece2,c2c1404da06854aa93007df406d60a2beb375fd24028c967f36933d7ed57c2c2be7a1f13045733a149d3aa7b119a9e1d2e4be5d9cc74cc520f50f6b752750442
Amigo,=,Amigo,=,amidar,USA,1982,Konami,Computran,#input:joystick>4:buttons>1 #players:2:alt #genre:action>maze #arcadeboard:namco #search:tate>cw #set:1 #lang:en #unlicensed:bootleg #mamerom:amidar>amigo,bb7641477dc9e5c5221c42ce111a9e68,d9a92dc68b81734397a98c42b36eb8221cd21877,233e4a08697311e0da95ecb0ae076921e7b04a37abd109a7a021d98a1372ece2,c2c1404da06854aa93007df406d60a2beb375fd24028c967f36933d7ed57c2c2be7a1f13045733a149d3aa7b119a9e1d2e4be5d9cc74cc520f50f6b752750442
Amigo,=,Amigo,=,amidar,USA,1982,Konami,Computran,#input:joystick>4:buttons>1 #players:2:alt #genre:action>maze #arcadeboard:namco #search:tate>cw #set:2 #lang:en #unlicensed:bootleg #mamerom:amidar>amigo2,bb7641477dc9e5c5221c42ce111a9e68,d9a92dc68b81734397a98c42b36eb8221cd21877,233e4a08697311e0da95ecb0ae076921e7b04a37abd109a7a021d98a1372ece2,c2c1404da06854aa93007df406d60a2beb375fd24028c967f36933d7ed57c2c2be7a1f13045733a149d3aa7b119a9e1d2e4be5d9cc74cc520f50f6b752750442
Mandanga,=,Mandanga,=,amidar,Spain,1982,Konami,Recreativos Franco,#input:joystick>4:buttons>1 #players:2:alt #genre:action>maze #arcadeboard:namco #search:tate>cw #set:1 #lang:en #unlicensed:bootleg #mamerom:amidar>mandingarf,bb7641477dc9e5c5221c42ce111a9e68,d9a92dc68b81734397a98c42b36eb8221cd21877,233e4a08697311e0da95ecb0ae076921e7b04a37abd109a7a021d98a1372ece2,c2c1404da06854aa93007df406d60a2beb375fd24028c967f36933d7ed57c2c2be7a1f13045733a149d3aa7b119a9e1d2e4be5d9cc74cc520f50f6b752750442
Mandanga,=,Mandanga,=,amidar,Spain,1982,Konami,Centromatic,#input:joystick>4:buttons>1 #players:2:alt #genre:action>maze #arcadeboard:namco #search:tate>cw #set:2 #lang:en #unlicensed:bootleg #mamerom:amidar>mandingac,bb7641477dc9e5c5221c42ce111a9e68,d9a92dc68b81734397a98c42b36eb8221cd21877,233e4a08697311e0da95ecb0ae076921e7b04a37abd109a7a021d98a1372ece2,c2c1404da06854aa93007df406d60a2beb375fd24028c967f36933d7ed57c2c2be7a1f13045733a149d3aa7b119a9e1d2e4be5d9cc74cc520f50f6b752750442
Mandinga,=,Mandinga,=,amidar,Spain,1982,Konami,Electrogame,#input:joystick>4:buttons>1 #players:2:alt #genre:action>maze #arcadeboard:konami #search:tate>cw #lang:en #unlicensed:bootleg #mamerom:amidar>mandingaeg,bb7641477dc9e5c5221c42ce111a9e68,d9a92dc68b81734397a98c42b36eb8221cd21877,233e4a08697311e0da95ecb0ae076921e7b04a37abd109a7a021d98a1372ece2,c2c1404da06854aa93007df406d60a2beb375fd24028c967f36933d7ed57c2c2be7a1f13045733a149d3aa7b119a9e1d2e4be5d9cc74cc520f50f6b752750442
Mandinga,=,Mandinga,=,amidar,Spain,1982,Konami,,#input:joystick>4:buttons>1 #players:2:alt #genre:action>maze #arcadeboard:konami #search:tate>cw #lang:en #unlicensed:bootleg #mamerom:amidar>mandingag,bb7641477dc9e5c5221c42ce111a9e68,d9a92dc68b81734397a98c42b36eb8221cd21877,233e4a08697311e0da95ecb0ae076921e7b04a37abd109a7a021d98a1372ece2,c2c1404da06854aa93007df406d60a2beb375fd24028c967f36933d7ed57c2c2be7a1f13045733a149d3aa7b119a9e1d2e4be5d9cc74cc520f50f6b752750442
Mandinga,=,Mandinga,=,amidar,Spain,1983,Konami,Artemi,#input:joystick>4:buttons>1 #players:2:alt #genre:action>maze #arcadeboard:konami #search:tate>cw #lang:en #unlicensed:bootleg #mamerom:amidar>mandinga,bb7641477dc9e5c5221c42ce111a9e68,d9a92dc68b81734397a98c42b36eb8221cd21877,233e4a08697311e0da95ecb0ae076921e7b04a37abd109a7a021d98a1372ece2,c2c1404da06854aa93007df406d60a2beb375fd24028c967f36933d7ed57c2c2be7a1f13045733a149d3aa7b119a9e1d2e4be5d9cc74cc520f50f6b752750442
(Mandinka),=,Mandinka,=,amidar,,1982,Konami,,#input:joystick>4:buttons>1 #players:2:alt #genre:action>maze #arcadeboard:konami #search:tate>cw #lang:en #unlicensed:bootleg #mamerom:amidar>mandinka,bb7641477dc9e5c5221c42ce111a9e68,d9a92dc68b81734397a98c42b36eb8221cd21877,233e4a08697311e0da95ecb0ae076921e7b04a37abd109a7a021d98a1372ece2,c2c1404da06854aa93007df406d60a2beb375fd24028c967f36933d7ed57c2c2be7a1f13045733a149d3aa7b119a9e1d2e4be5d9cc74cc520f50f6b752750442
Olivmandingo,=,Olivmandingo,=,amidar,Spain,1982,Konami,Calfesa,#input:joystick>4:buttons>1 #players:2:alt #genre:action>maze #arcadeboard:konami #search:tate>cw #set:1 #lang:en #unlicensed:bootleg #mamerom:amidar>olmandingo,bb7641477dc9e5c5221c42ce111a9e68,d9a92dc68b81734397a98c42b36eb8221cd21877,233e4a08697311e0da95ecb0ae076921e7b04a37abd109a7a021d98a1372ece2,c2c1404da06854aa93007df406d60a2beb375fd24028c967f36933d7ed57c2c2be7a1f13045733a149d3aa7b119a9e1d2e4be5d9cc74cc520f50f6b752750442
Olivmandingo,=,Olivmandingo,=,amidar,Spain,1982,Konami,Calfesa,#input:joystick>4:buttons>1 #players:2:alt #genre:action>maze #arcadeboard:konami #search:tate>cw #set:2 #lang:en #unlicensed:bootleg #mamerom:amidar>olmandingc,bb7641477dc9e5c5221c42ce111a9e68,d9a92dc68b81734397a98c42b36eb8221cd21877,233e4a08697311e0da95ecb0ae076921e7b04a37abd109a7a021d98a1372ece2,c2c1404da06854aa93007df406d60a2beb375fd24028c967f36933d7ed57c2c2be7a1f13045733a149d3aa7b119a9e1d2e4be5d9cc74cc520f50f6b752750442
Cavelon,=,Cavelon,=,cavelon,World,1983,Jetsoft,Jetsoft,#input:joystick>4:buttons>2 #players:2:alt #genre:action>maze #arcadeboard:konami #search:tate>cw #lang:en #mameparent #mamerom:cavelon,49e5505831252d10ee487da70d3f5e11,aa0c226d889e5be276e38a53c947108ff1d827cf,9d9b6b52214608ba740db6d392e4a53890ec3c3985c7a64cd2b0b2af39948c5a,f3519124c9332931dcb4c0a4f8bd4e006df59061784dbfba08f23c41d48cb4d62e3180bd5aba37b06b9a3bd2674e76b5e54856ffa2d83f276a6f831abc798c95
Frogger,=,Frogger,=,frogger,Japan,1981-06,Konami,SEGA,#input:joystick>4 #players:2:alt #genre:action #arcadeboard:namco #search:tate>cw #lang:en #mameparent #mamerom:frogger,ab0bfe816f1b27ffb245a1d25aa77112,a3f9e5b5d980dba161e05eabc5ea825420778b7a,0b5f39454cff8b596b30f7eae2ff307c0fed3e5436341a385c567b6646af171a,7631757a2764b53513c861889cd9cac8d18a846e4e3989a3ca8c5d2a5c92b8bc8ef2feef1aa4a474de28434f7a187bb3b11bbfc531e66471a72f915823f07652
Frogger,=,Frogger,=,frogger,USA,1981-09,Konami,SEGA/Gremlin,#input:joystick>4 #players:2:alt #genre:action #arcadeboard:namco #search:tate>cw #set:1 #lang:en #mamerom:frogger>froggers1,ab0bfe816f1b27ffb245a1d25aa77112,a3f9e5b5d980dba161e05eabc5ea825420778b7a,0b5f39454cff8b596b30f7eae2ff307c0fed3e5436341a385c567b6646af171a,7631757a2764b53513c861889cd9cac8d18a846e4e3989a3ca8c5d2a5c92b8bc8ef2feef1aa4a474de28434f7a187bb3b11bbfc531e66471a72f915823f07652
Frogger,=,Frogger,=,frogger,USA,1981,Konami,SEGA/Gremlin,#input:joystick>4 #players:2:alt #genre:action #arcadeboard:namco #search:tate>cw #set:2 #lang:en #mamerom:frogger>froggers2,ab0bfe816f1b27ffb245a1d25aa77112,a3f9e5b5d980dba161e05eabc5ea825420778b7a,0b5f39454cff8b596b30f7eae2ff307c0fed3e5436341a385c567b6646af171a,7631757a2764b53513c861889cd9cac8d18a846e4e3989a3ca8c5d2a5c92b8bc8ef2feef1aa4a474de28434f7a187bb3b11bbfc531e66471a72f915823f07652
Frogger,=,Frogger,=,frogger,USA,1981,Konami,SEGA/Gremlin,#input:joystick>4 #players:2:alt #genre:action #arcadeboard:namco #search:tate>cw #set:3 #lang:en #mamerom:frogger>froggers3,ab0bfe816f1b27ffb245a1d25aa77112,a3f9e5b5d980dba161e05eabc5ea825420778b7a,0b5f39454cff8b596b30f7eae2ff307c0fed3e5436341a385c567b6646af171a,7631757a2764b53513c861889cd9cac8d18a846e4e3989a3ca8c5d2a5c92b8bc8ef2feef1aa4a474de28434f7a187bb3b11bbfc531e66471a72f915823f07652
Frogger,=,Frogger,=,frogger,World,1981,Konami,SEGA/Gremlin,#input:joystick>4 #players:2:alt #genre:action #arcadeboard:namco #search:tate>cw #lang:en #mamerom:frogger>froggermc,ab0bfe816f1b27ffb245a1d25aa77112,a3f9e5b5d980dba161e05eabc5ea825420778b7a,0b5f39454cff8b596b30f7eae2ff307c0fed3e5436341a385c567b6646af171a,7631757a2764b53513c861889cd9cac8d18a846e4e3989a3ca8c5d2a5c92b8bc8ef2feef1aa4a474de28434f7a187bb3b11bbfc531e66471a72f915823f07652
Frogger,=,Frogger,=,frogger,World,1981,Konami,Konami,#input:joystick>4 #players:2:alt #genre:action #arcadeboard:konami #search:tate>cw #lang:en #mamerom:frogger>froggert,ab0bfe816f1b27ffb245a1d25aa77112,a3f9e5b5d980dba161e05eabc5ea825420778b7a,0b5f39454cff8b596b30f7eae2ff307c0fed3e5436341a385c567b6646af171a,7631757a2764b53513c861889cd9cac8d18a846e4e3989a3ca8c5d2a5c92b8bc8ef2feef1aa4a474de28434f7a187bb3b11bbfc531e66471a72f915823f07652
Frogger,=,Frogger,=,frogger,,1981,Konami,Coin Music,#input:joystick>4 #players:2:alt #genre:action #arcadeboard:konami #search:tate>cw #lang:en #unlicensed:bootleg #mamerom:frogger>froggeram,ab0bfe816f1b27ffb245a1d25aa77112,a3f9e5b5d980dba161e05eabc5ea825420778b7a,0b5f39454cff8b596b30f7eae2ff307c0fed3e5436341a385c567b6646af171a,7631757a2764b53513c861889cd9cac8d18a846e4e3989a3ca8c5d2a5c92b8bc8ef2feef1aa4a474de28434f7a187bb3b11bbfc531e66471a72f915823f07652
Frogger,=,Frogger,=,frogger,Italy,,Konami,Gamepack,#input:joystick>4 #players:2:alt #genre:action #arcadeboard:namco #search:tate>cw #lang:en #unlicensed:bootleg #mamerom:frogger>froggerv,ab0bfe816f1b27ffb245a1d25aa77112,a3f9e5b5d980dba161e05eabc5ea825420778b7a,0b5f39454cff8b596b30f7eae2ff307c0fed3e5436341a385c567b6646af171a,7631757a2764b53513c861889cd9cac8d18a846e4e3989a3ca8c5d2a5c92b8bc8ef2feef1aa4a474de28434f7a187bb3b11bbfc531e66471a72f915823f07652
Frogger,=,Frogger,=,frogger,Spain,1981,Konami,Hermatic,#input:joystick>4 #players:2:alt #genre:action #arcadeboard:konami #search:tate>cw #lang:en #unlicensed:bootleg #mamerom:frogger>froggervd,ab0bfe816f1b27ffb245a1d25aa77112,a3f9e5b5d980dba161e05eabc5ea825420778b7a,0b5f39454cff8b596b30f7eae2ff307c0fed3e5436341a385c567b6646af171a,7631757a2764b53513c861889cd9cac8d18a846e4e3989a3ca8c5d2a5c92b8bc8ef2feef1aa4a474de28434f7a187bb3b11bbfc531e66471a72f915823f07652
Frogger (Amigo),=,Frogger (Amigo),=,frogger,,,Konami,,#input:joystick>4 #players:2:alt #genre:action #arcadeboard:namco #search:tate>cw #lang:en #unlicensed:bootleg #mamerom:frogger>froggeram,ab0bfe816f1b27ffb245a1d25aa77112,a3f9e5b5d980dba161e05eabc5ea825420778b7a,0b5f39454cff8b596b30f7eae2ff307c0fed3e5436341a385c567b6646af171a,7631757a2764b53513c861889cd9cac8d18a846e4e3989a3ca8c5d2a5c92b8bc8ef2feef1aa4a474de28434f7a187bb3b11bbfc531e66471a72f915823f07652
Frogger: New Serie 92,=,Frogger: New Serie 92,=,frogger,Italy,1992,Konami,Eurobed,#input:joystick>4 #players:2:alt #genre:action #arcadeboard:namco #search:tate>cw #lang:en #unlicensed:bootleg #mamerom:frogger>froggereb,ab0bfe816f1b27ffb245a1d25aa77112,a3f9e5b5d980dba161e05eabc5ea825420778b7a,0b5f39454cff8b596b30f7eae2ff307c0fed3e5436341a385c567b6646af171a,7631757a2764b53513c861889cd9cac8d18a846e4e3989a3ca8c5d2a5c92b8bc8ef2feef1aa4a474de28434f7a187bb3b11bbfc531e66471a72f915823f07652
Frog,=,Frog,=,frogger,World,1981,Konami,,#input:joystick>4 #players:2:alt #genre:action #arcadeboard:namco #search:tate>cw #lang:en #unlicensed:bootleg #mamerom:frogger>froggers,ab0bfe816f1b27ffb245a1d25aa77112,a3f9e5b5d980dba161e05eabc5ea825420778b7a,0b5f39454cff8b596b30f7eae2ff307c0fed3e5436341a385c567b6646af171a,7631757a2764b53513c861889cd9cac8d18a846e4e3989a3ca8c5d2a5c92b8bc8ef2feef1aa4a474de28434f7a187bb3b11bbfc531e66471a72f915823f07652
Frog,=,Frog,=,frogger,World,1981,Konami,,#input:joystick>4 #players:2:alt #genre:action #arcadeboard:namco #search:tate>cw #lang:en #unlicensed:bootleg #mamerom:frogger>frogg,ab0bfe816f1b27ffb245a1d25aa77112,a3f9e5b5d980dba161e05eabc5ea825420778b7a,0b5f39454cff8b596b30f7eae2ff307c0fed3e5436341a385c567b6646af171a,7631757a2764b53513c861889cd9cac8d18a846e4e3989a3ca8c5d2a5c92b8bc8ef2feef1aa4a474de28434f7a187bb3b11bbfc531e66471a72f915823f07652
Frog,=,Frog,=,frogger,Japan,1982,Konami,Falcon,#input:joystick>4 #players:2:alt #genre:action #arcadeboard:namco #search:tate>cw #lang:en #unlicensed:bootleg #mamerom:frogger>frogf,ab0bfe816f1b27ffb245a1d25aa77112,a3f9e5b5d980dba161e05eabc5ea825420778b7a,0b5f39454cff8b596b30f7eae2ff307c0fed3e5436341a385c567b6646af171a,7631757a2764b53513c861889cd9cac8d18a846e4e3989a3ca8c5d2a5c92b8bc8ef2feef1aa4a474de28434f7a187bb3b11bbfc531e66471a72f915823f07652
Frog,=,Frog,=,frogger,Spain,1981,Konami,Hermatic,#input:joystick>4 #players:2:alt #genre:action #arcadeboard:namco #search:tate>cw #lang:en #unlicensed:bootleg #mamerom:frogger>froggeg,ab0bfe816f1b27ffb245a1d25aa77112,a3f9e5b5d980dba161e05eabc5ea825420778b7a,0b5f39454cff8b596b30f7eae2ff307c0fed3e5436341a385c567b6646af171a,7631757a2764b53513c861889cd9cac8d18a846e4e3989a3ca8c5d2a5c92b8bc8ef2feef1aa4a474de28434f7a187bb3b11bbfc531e66471a72f915823f07652
Quaak..,=,Quaak,=,frogger,,1981,Konami,,#input:joystick>4 #players:2:alt #genre:action #arcadeboard:namco #search:tate>cw #lang:en #unlicensed:bootleg #mamerom:frogger>froggert,ab0bfe816f1b27ffb245a1d25aa77112,a3f9e5b5d980dba161e05eabc5ea825420778b7a,0b5f39454cff8b596b30f7eae2ff307c0fed3e5436341a385c567b6646af171a,7631757a2764b53513c861889cd9cac8d18a846e4e3989a3ca8c5d2a5c92b8bc8ef2feef1aa4a474de28434f7a187bb3b11bbfc531e66471a72f915823f07652
Quaak..,=,Quaak,=,frogger,,1981,Konami,,#input:joystick>4 #players:2:alt #genre:action #arcadeboard:namco #search:tate>cw #lang:en #unlicensed:bootleg #mamerom:frogger>froggert,ab0bfe816f1b27ffb245a1d25aa77112,a3f9e5b5d980dba161e05eabc5ea825420778b7a,0b5f39454cff8b596b30f7eae2ff307c0fed3e5436341a385c567b6646af171a,7631757a2764b53513c861889cd9cac8d18a846e4e3989a3ca8c5d2a5c92b8bc8ef2feef1aa4a474de28434f7a187bb3b11bbfc531e66471a72f915823f07652
Guttang Gottong,=,Guttang Gottong,Guttang Gottong ガッタン・ゴットン,guttanggottong,Japan,1982-03,Konami,SEGA,#input:joystick>4:buttons>1 #players:2:alt #genre:action:puzzle #arcadeboard:konami #search:tate>cw #lang:en #mamerom:locomotn>gutangtns,0de341cc497a8ad1c62b57fd5c40e93a,ccd8a0cf0dc6dee75e510415e55253aeb93b27af,33785ba18b3d461dc7688a6842040500fbfe5795d82b42e5b21a4a5cbb33b1a6,a279c4644b20a5ae2bc931b18ad1628089991fda4e004bee4206df5780ef7242097eaa09a77f15e22ba1e276d3d2c6dd6b51f96d13622783535b41b9164cc93b
Guttang Gottong,=,Guttang Gottong,Guttang Gottong ガッタン・ゴットン,guttanggottong,Japan,1982,Konami,Konami,#input:joystick>4:buttons>1 #players:2:alt #genre:action:puzzle #arcadeboard:konami #search:tate>cw #lang:en #mamerom:locomotn>gutangtn,0de341cc497a8ad1c62b57fd5c40e93a,ccd8a0cf0dc6dee75e510415e55253aeb93b27af,33785ba18b3d461dc7688a6842040500fbfe5795d82b42e5b21a4a5cbb33b1a6,a279c4644b20a5ae2bc931b18ad1628089991fda4e004bee4206df5780ef7242097eaa09a77f15e22ba1e276d3d2c6dd6b51f96d13622783535b41b9164cc93b
Loco-Motion,=,Loco-Motion,=,guttanggottong,USA,1982-04,Konami,Centuri,#input:joystick>4:buttons>1 #players:2:alt #genre:action:puzzle #arcadeboard:konami #search:tate>cw #lang:en #mameparent #mamerom:locomotn,0de341cc497a8ad1c62b57fd5c40e93a,ccd8a0cf0dc6dee75e510415e55253aeb93b27af,33785ba18b3d461dc7688a6842040500fbfe5795d82b42e5b21a4a5cbb33b1a6,a279c4644b20a5ae2bc931b18ad1628089991fda4e004bee4206df5780ef7242097eaa09a77f15e22ba1e276d3d2c6dd6b51f96d13622783535b41b9164cc93b
Guttang Gottong,=,Guttang Gottong,=,guttanggottong,Spain,1982,Konami,Recreativos Franco,#input:joystick>4:buttons>1 #players:2:alt #genre:action:puzzle #arcadeboard:namco #search:tate>cw #lang:en #mamerom:locomotn>guttangt,0de341cc497a8ad1c62b57fd5c40e93a,ccd8a0cf0dc6dee75e510415e55253aeb93b27af,33785ba18b3d461dc7688a6842040500fbfe5795d82b42e5b21a4a5cbb33b1a6,a279c4644b20a5ae2bc931b18ad1628089991fda4e004bee4206df5780ef7242097eaa09a77f15e22ba1e276d3d2c6dd6b51f96d13622783535b41b9164cc93b
Guttang Gottong,=,Guttang Gottong,=,guttanggottong,Spain,1982,Konami,Sede 3,#input:joystick>4:buttons>1 #players:2:alt #genre:action:puzzle #arcadeboard:namco #search:tate>cw #lang:en #mamerom:locomotn>guttangts3,0de341cc497a8ad1c62b57fd5c40e93a,ccd8a0cf0dc6dee75e510415e55253aeb93b27af,33785ba18b3d461dc7688a6842040500fbfe5795d82b42e5b21a4a5cbb33b1a6,a279c4644b20a5ae2bc931b18ad1628089991fda4e004bee4206df5780ef7242097eaa09a77f15e22ba1e276d3d2c6dd6b51f96d13622783535b41b9164cc93b
Cotocoto Cottong,=,Cotocoto Cottong,=,guttanggottong,,1982,Konami,,#input:joystick>4:buttons>1 #players:2:alt #genre:action:puzzle #arcadeboard:konami #search:tate>cw #lang:en #unlicensed:bootleg #mamerom:locomotn>cottong,0de341cc497a8ad1c62b57fd5c40e93a,ccd8a0cf0dc6dee75e510415e55253aeb93b27af,33785ba18b3d461dc7688a6842040500fbfe5795d82b42e5b21a4a5cbb33b1a6,a279c4644b20a5ae2bc931b18ad1628089991fda4e004bee4206df5780ef7242097eaa09a77f15e22ba1e276d3d2c6dd6b51f96d13622783535b41b9164cc93b
Loco-Motion,=,Loco-Motion,=,guttanggottong,,1982,Konami,,#input:joystick>4:buttons>1 #players:2:alt #genre:action:puzzle #arcadeboard:namco #search:tate>cw #lang:en #unlicensed:bootleg #mamerom:locomotn>locoboot,0de341cc497a8ad1c62b57fd5c40e93a,ccd8a0cf0dc6dee75e510415e55253aeb93b27af,33785ba18b3d461dc7688a6842040500fbfe5795d82b42e5b21a4a5cbb33b1a6,a279c4644b20a5ae2bc931b18ad1628089991fda4e004bee4206df5780ef7242097eaa09a77f15e22ba1e276d3d2c6dd6b51f96d13622783535b41b9164cc93b
Gyruss,=,Gyruss,=,gyruss,World,1983-06,Konami,Konami,#input:joystick>2h:buttons>1 #players:2:alt #genre:shooting>rail #arcadeboard:konami #search:tate>cw #lang:en #mameparent #mamerom:gyruss,1a82e6dcfc2563ab27e6f2e3129dc429,579fcb1c8cd42d3075121246084a19646e985cf6,39d55f55a4ccc778813bb35503de0c20912ce03f28f0b56c97cf46b570ace57e,7fa91da1fa0fb50c2e65b1af8834f719af858a557e592b4c15efc27b362fdec9709af0d73747a6c9caabd89adb3c79e8fbc5f5f667e26efd78481d67a352696b
Gyruss,=,Gyruss,=,gyruss,USA,1983-03,Konami,Centuri,#input:joystick>2h:buttons>1 #players:2:alt #genre:shooting>rail #arcadeboard:konami #search:tate>cw #lang:en #mamerom:gyruss>gyrussce,1a82e6dcfc2563ab27e6f2e3129dc429,579fcb1c8cd42d3075121246084a19646e985cf6,39d55f55a4ccc778813bb35503de0c20912ce03f28f0b56c97cf46b570ace57e,7fa91da1fa0fb50c2e65b1af8834f719af858a557e592b4c15efc27b362fdec9709af0d73747a6c9caabd89adb3c79e8fbc5f5f667e26efd78481d67a352696b
Gyruss,=,Gyruss,=,gyruss,,1983,Konami,,#input:joystick>2h:buttons>1 #players:2:alt #genre:shooting>rail #arcadeboard:konami #search:tate>cw #lang:en #unlicensed:bootleg #mamerom:gyruss>gyrussb,1a82e6dcfc2563ab27e6f2e3129dc429,579fcb1c8cd42d3075121246084a19646e985cf6,39d55f55a4ccc778813bb35503de0c20912ce03f28f0b56c97cf46b570ace57e,7fa91da1fa0fb50c2e65b1af8834f719af858a557e592b4c15efc27b362fdec9709af0d73747a6c9caabd89adb3c79e8fbc5f5f667e26efd78481d67a352696b
Venus,=,Venus,=,gyruss,,1983,Konami,,#input:joystick>2h:buttons>1 #players:2:alt #genre:shooting>rail #arcadeboard:konami #search:tate>cw #lang:en #unlicensed:bootleg #mamerom:gyruss>venus,1a82e6dcfc2563ab27e6f2e3129dc429,579fcb1c8cd42d3075121246084a19646e985cf6,39d55f55a4ccc778813bb35503de0c20912ce03f28f0b56c97cf46b570ace57e,7fa91da1fa0fb50c2e65b1af8834f719af858a557e592b4c15efc27b362fdec9709af0d73747a6c9caabd89adb3c79e8fbc5f5f667e26efd78481d67a352696b
Jungler,=,Jungler,Jungler ジャングラー,jungler,Japan,1981-12,Konami,Konami,#input:joystick>4:buttons>1 #players:2:alt #genre:action>maze #arcadeboard:konami #search:tate>cw #lang:en #mameparent #mamerom:jungler,cdfba21853dec3e7019c0ff6485a5cf3,e509aea662a2e3cd4b77cb0e02ef6c41f6fb54cc,55b8ab43f7ee4096f4e8c40383699542d1b82cec2d44a07fa2b1efa45b207cb8,fc6d4b7088c35e93b469f19009e0cc04a8a34b7c96442ead7c5554a014384216d593a52a311b90189f27f8f7b11dbe8f2a9fe6fd5f907900fcb83a8e6e56c3bf
Jungler,=,Jungler,=,jungler,United Kingdom,1982,Konami,Olympia,#input:joystick>4:buttons>1 #players:2:alt #genre:action>maze #arcadeboard:konami #search:tate>cw #lang:en #mamerom:jungler>junglero,cdfba21853dec3e7019c0ff6485a5cf3,e509aea662a2e3cd4b77cb0e02ef6c41f6fb54cc,55b8ab43f7ee4096f4e8c40383699542d1b82cec2d44a07fa2b1efa45b207cb8,fc6d4b7088c35e93b469f19009e0cc04a8a34b7c96442ead7c5554a014384216d593a52a311b90189f27f8f7b11dbe8f2a9fe6fd5f907900fcb83a8e6e56c3bf
Jungler,=,Jungler,=,jungler,USA,1982,Konami,Stern,#input:joystick>4:buttons>1 #players:2:alt #genre:action>maze #arcadeboard:konami #search:tate>cw #lang:en #mamerom:jungler>junglers,cdfba21853dec3e7019c0ff6485a5cf3,e509aea662a2e3cd4b77cb0e02ef6c41f6fb54cc,55b8ab43f7ee4096f4e8c40383699542d1b82cec2d44a07fa2b1efa45b207cb8,fc6d4b7088c35e93b469f19009e0cc04a8a34b7c96442ead7c5554a014384216d593a52a311b90189f27f8f7b11dbe8f2a9fe6fd5f907900fcb83a8e6e56c3bf
Jungler,=,Jungler,=,jungler,Spain,1982,Konami,Subelectro,#input:joystick>4:buttons>1 #players:2:alt #genre:action>maze #arcadeboard:konami #search:tate>cw #lang:en #unlicensed:bootleg #mamerom:jungler>junglers,cdfba21853dec3e7019c0ff6485a5cf3,e509aea662a2e3cd4b77cb0e02ef6c41f6fb54cc,55b8ab43f7ee4096f4e8c40383699542d1b82cec2d44a07fa2b1efa45b207cb8,fc6d4b7088c35e93b469f19009e0cc04a8a34b7c96442ead7c5554a014384216d593a52a311b90189f27f8f7b11dbe8f2a9fe6fd5f907900fcb83a8e6e56c3bf
Savanna,=,Savanna,=,jungler,United Kingdom,1982,Konami,Olympia,#input:joystick>4:buttons>1 #players:2:alt #genre:action>maze #arcadeboard:konami #search:tate>cw #lang:en #unlicensed:bootleg #mamerom:jungler>savanna,cdfba21853dec3e7019c0ff6485a5cf3,e509aea662a2e3cd4b77cb0e02ef6c41f6fb54cc,55b8ab43f7ee4096f4e8c40383699542d1b82cec2d44a07fa2b1efa45b207cb8,fc6d4b7088c35e93b469f19009e0cc04a8a34b7c96442ead7c5554a014384216d593a52a311b90189f27f8f7b11dbe8f2a9fe6fd5f907900fcb83a8e6e56c3bf
Juno First,=,Juno First,=,junofirst,World,1983-07,Konami,Konami,#input:joystick>8:buttons>2 #players:2:alt #genre:shmup>v #arcadeboard:konami #search:tate>cw #lang:en #mameparent #mamerom:junofrst,bffcfd74bbb6e2fc54a77c233235f931,d9aac3753859e21f711117e2906aa74eb1c0ce64,8e0efafdca9d266ebe42a31f76f7dded16546619728a5375baa6c6f204c9156b,8f65c7f98116facc0825e6ec151edb2215aef3c7cb43f6439a6104b4dc1ce47ccdccdec695c3c210019406e32bce3d5f73e6c9b05b866dac8f0d56a1967c1e05
Juno First,=,Juno First,=,junofirst,USA,1983-09,Konami,Mylstar,#input:joystick>8:buttons>2 #players:2:alt #genre:shmup>v #arcadeboard:konami #search:tate>cw #lang:en #mamerom:junofrst>junofrstg,bffcfd74bbb6e2fc54a77c233235f931,d9aac3753859e21f711117e2906aa74eb1c0ce64,8e0efafdca9d266ebe42a31f76f7dded16546619728a5375baa6c6f204c9156b,8f65c7f98116facc0825e6ec151edb2215aef3c7cb43f6439a6104b4dc1ce47ccdccdec695c3c210019406e32bce3d5f73e6c9b05b866dac8f0d56a1967c1e05
Kamizake,=,Kamizake,=,kamikaze,Japan,1980-05,Konami,Leijac,#input:buttons>3 #players:2:alt #genre:shmup #arcadeboard:stern #search:tate>ccw #lang:en #mameparent #mamerom:kamikaze,9d1f3f33ca5e0e86e0eec8ec6b06346f,55fae960d097e269e1ba773a00145ef31f2d1089,18eec51a1ed31d3783cf44adf59df4b159f12b6cc8939d4ba747c62b1ec34631,887789d3ebbe1b6e62a783a5dd3adcfbe5c3fa262a5d4bbdf77c634bcf1b2f7ca2efc484c2899fa7392c4855f7d0a0a188c117429286e81960788280b81e681a
Astro Invader,=,Astro Invader,=,kamikaze,USA,1980-06,Konami,Stern,#input:buttons>3 #players:2:alt #genre:shmup #arcadeboard:stern #search:tate>ccw #lang:en #mamerom:kamikaze>astinvad,9d1f3f33ca5e0e86e0eec8ec6b06346f,55fae960d097e269e1ba773a00145ef31f2d1089,18eec51a1ed31d3783cf44adf59df4b159f12b6cc8939d4ba747c62b1ec34631,887789d3ebbe1b6e62a783a5dd3adcfbe5c3fa262a5d4bbdf77c634bcf1b2f7ca2efc484c2899fa7392c4855f7d0a0a188c117429286e81960788280b81e681a
Astro Invader,=,Astro Invader,=,kamikaze,USA,1980,Konami,,#input:buttons>3 #players:2:alt #genre:shmup #arcadeboard:stern #search:tate>ccw #lang:en #unlicensed:bootleg #mamerom:kamikaze>astinvadb,9d1f3f33ca5e0e86e0eec8ec6b06346f,55fae960d097e269e1ba773a00145ef31f2d1089,18eec51a1ed31d3783cf44adf59df4b159f12b6cc8939d4ba747c62b1ec34631,887789d3ebbe1b6e62a783a5dd3adcfbe5c3fa262a5d4bbdf77c634bcf1b2f7ca2efc484c2899fa7392c4855f7d0a0a188c117429286e81960788280b81e681a
Beta Force,=,Beta Force,=,kamikaze,USA,1980,Konami,Omni,#input:buttons>3 #players:2:alt #genre:shmup #arcadeboard:stern #search:tate>ccw #lang:en #unlicensed:bootleg #mamerom:kamikaze>betafrce,9d1f3f33ca5e0e86e0eec8ec6b06346f,55fae960d097e269e1ba773a00145ef31f2d1089,18eec51a1ed31d3783cf44adf59df4b159f12b6cc8939d4ba747c62b1ec34631,887789d3ebbe1b6e62a783a5dd3adcfbe5c3fa262a5d4bbdf77c634bcf1b2f7ca2efc484c2899fa7392c4855f7d0a0a188c117429286e81960788280b81e681a
Kosmo Killer,=,Kosmo Killer,=,kamikaze,Italy,1980,Konami,BEM,#input:buttons>3 #players:2:alt #genre:shmup #arcadeboard:stern #search:tate>ccw #lang:en #unlicensed:bootleg #mamerom:kamikaze>kosmokil,9d1f3f33ca5e0e86e0eec8ec6b06346f,55fae960d097e269e1ba773a00145ef31f2d1089,18eec51a1ed31d3783cf44adf59df4b159f12b6cc8939d4ba747c62b1ec34631,887789d3ebbe1b6e62a783a5dd3adcfbe5c3fa262a5d4bbdf77c634bcf1b2f7ca2efc484c2899fa7392c4855f7d0a0a188c117429286e81960788280b81e681a
Mariner,=,Mariner,=,mariner,World,1981,Amenip,Amenip,#input:joystick>8:buttons>1 #players:2:alt #genre:shmup>h #arcadeboard:konami #search:tate>cw #lang:en #mameparent #mamerom:mariner,6cfbb344cf2e5f64eb716e1c2db12ac8,afd6a14612c217acb2f8a433e0c7dcd14f3adc66,daf4a3a3cccccdca38801c18523e9bd1a3d19c1911e4d4e61d10b7b494884c3d,f9ce12c2c91f51a54afc28dbd630318f5b34da431d1dfcccbeaf2fc24f39872727e907de757ecd8ea7b7bdb37a1c51e708c8fa6f56cccd361c3e80381223a1ae
800 Fathoms,=,800 Fathoms,=,mariner,USA,1982-01,Amenip,U.S.Billiards,#input:joystick>8:buttons>1 #players:2:alt #genre:shmup>h #arcadeboard:konami #search:tate>cw #set:1 #lang:en #mamerom:mariner>800fatha,6cfbb344cf2e5f64eb716e1c2db12ac8,afd6a14612c217acb2f8a433e0c7dcd14f3adc66,daf4a3a3cccccdca38801c18523e9bd1a3d19c1911e4d4e61d10b7b494884c3d,f9ce12c2c91f51a54afc28dbd630318f5b34da431d1dfcccbeaf2fc24f39872727e907de757ecd8ea7b7bdb37a1c51e708c8fa6f56cccd361c3e80381223a1ae
800 Fathoms,=,800 Fathoms,=,mariner,USA,1982,Amenip,U.S.Billiards,#input:joystick>8:buttons>1 #players:2:alt #genre:shmup>h #arcadeboard:konami #search:tate>cw #set:2 #lang:en #mamerom:mariner>800fath,6cfbb344cf2e5f64eb716e1c2db12ac8,afd6a14612c217acb2f8a433e0c7dcd14f3adc66,daf4a3a3cccccdca38801c18523e9bd1a3d19c1911e4d4e61d10b7b494884c3d,f9ce12c2c91f51a54afc28dbd630318f5b34da431d1dfcccbeaf2fc24f39872727e907de757ecd8ea7b7bdb37a1c51e708c8fa6f56cccd361c3e80381223a1ae
Mega Zone,=,Mega Zone,=,megazone,World,1983-03,Konami,Kosuka/Interlogic,#input:joystick>8:buttons>1 #players:2:alt #genre:shmup>v #arcadeboard:konami #search:tate>cw #set:1 #lang:en #mamerom:megazone>megazonea,f03410debb0792c3b24bb722353c3a30,e6fd0c4af0d0365dc581ef64be88961eb0c19912,3714f20cb504e7731135b37208a2181faee1291c99fa4a59c236ee616130e4f6,6ee28d678ee7cedccba29b61bb8008ee813dbe16c27ec0a209a874e643656f288ab430900131650ef8e90e8fc25c1ea2f6cea36e41362e12fce8841bb1ab69e0
Mega Zone,=,Mega Zone,=,megazone,World,1983,Konami,Konami/Interlogic,#input:joystick>8:buttons>1 #players:2:alt #genre:shmup>v #arcadeboard:konami #search:tate>cw #set:2 #lang:en #mamerom:megazone>megazoneb,f03410debb0792c3b24bb722353c3a30,e6fd0c4af0d0365dc581ef64be88961eb0c19912,3714f20cb504e7731135b37208a2181faee1291c99fa4a59c236ee616130e4f6,6ee28d678ee7cedccba29b61bb8008ee813dbe16c27ec0a209a874e643656f288ab430900131650ef8e90e8fc25c1ea2f6cea36e41362e12fce8841bb1ab69e0
Mega Zone,=,Mega Zone,=,megazone,World,1983,Konami,Kosuka/Interlogic,#input:joystick>8:buttons>1 #players:2:alt #genre:shmup>v #arcadeboard:konami #search:tate>cw #set:3 #lang:en #mamerom:megazone>megazoneh,f03410debb0792c3b24bb722353c3a30,e6fd0c4af0d0365dc581ef64be88961eb0c19912,3714f20cb504e7731135b37208a2181faee1291c99fa4a59c236ee616130e4f6,6ee28d678ee7cedccba29b61bb8008ee813dbe16c27ec0a209a874e643656f288ab430900131650ef8e90e8fc25c1ea2f6cea36e41362e12fce8841bb1ab69e0
Mega Zone,=,Mega Zone,=,megazone,World,1983,Konami,Konami,#input:joystick>8:buttons>1 #players:2:alt #genre:shmup>v #arcadeboard:konami #search:tate>cw #set:4 #lang:en #mamerom:megazone>megazonei,f03410debb0792c3b24bb722353c3a30,e6fd0c4af0d0365dc581ef64be88961eb0c19912,3714f20cb504e7731135b37208a2181faee1291c99fa4a59c236ee616130e4f6,6ee28d678ee7cedccba29b61bb8008ee813dbe16c27ec0a209a874e643656f288ab430900131650ef8e90e8fc25c1ea2f6cea36e41362e12fce8841bb1ab69e0
Mega Zone,=,Mega Zone,=,megazone,World,1983,Konami,Kosuka/Interlogic,#input:joystick>8:buttons>1 #players:2:alt #genre:shmup>v #arcadeboard:konami #search:tate>cw #set:5 #lang:en #mamerom:megazone>megazonej,f03410debb0792c3b24bb722353c3a30,e6fd0c4af0d0365dc581ef64be88961eb0c19912,3714f20cb504e7731135b37208a2181faee1291c99fa4a59c236ee616130e4f6,6ee28d678ee7cedccba29b61bb8008ee813dbe16c27ec0a209a874e643656f288ab430900131650ef8e90e8fc25c1ea2f6cea36e41362e12fce8841bb1ab69e0
Mega Zone,=,Mega Zone,=,megazone,World,1983,Konami,Konami,#input:joystick>8:buttons>1 #players:2:alt #genre:shmup>v #arcadeboard:konami #search:tate>cw #set:6 #lang:en #mameparent #mamerom:megazone,f03410debb0792c3b24bb722353c3a30,e6fd0c4af0d0365dc581ef64be88961eb0c19912,3714f20cb504e7731135b37208a2181faee1291c99fa4a59c236ee616130e4f6,6ee28d678ee7cedccba29b61bb8008ee813dbe16c27ec0a209a874e643656f288ab430900131650ef8e90e8fc25c1ea2f6cea36e41362e12fce8841bb1ab69e0
New Sinbad 7,=,New Sinbad 7,=,newsinbad7,USA,1982-11,Artic,ATW,#input:joystick>4:buttons>1 #players:2:alt #genre:action>maze:shmup #arcadeboard:konami #search:tate>cw #set:1 #lang:en #mameparent #mamerom:newsin7,e57e3750ef4389091e63e906dd99b29d,10e73f9a9b40b3fc12b7bc75bd639f75f2da3199,a9bd633423ef2e8268ab14d4545c63354a7dac7519e71afca4c69d7120133629,53514d8078b991a04f7e5261c1eabd7ba09a10aa2b61ac76e1641f8b358e9ed45abeebe41583a32f8a92a5141d6568ef2cc1f60e32e5a076b0c3f3317cec6a23
New Sinbad 7,=,New Sinbad 7,=,newsinbad7,USA,1983,Artic,ATW,#input:joystick>4:buttons>1 #players:2:alt #genre:action>maze:shmup #arcadeboard:konami #search:tate>cw #set:2 #lang:en #mamerom:newsin7>newsin7a,e57e3750ef4389091e63e906dd99b29d,10e73f9a9b40b3fc12b7bc75bd639f75f2da3199,a9bd633423ef2e8268ab14d4545c63354a7dac7519e71afca4c69d7120133629,53514d8078b991a04f7e5261c1eabd7ba09a10aa2b61ac76e1641f8b358e9ed45abeebe41583a32f8a92a5141d6568ef2cc1f60e32e5a076b0c3f3317cec6a23
Pooyan,=,Pooyan,Pooyan プーヤン,pooyan,Japan,1982-10,Konami,Konami,#input:joystick>2v:buttons>1 #players:2:alt #genre:shmup #arcadeboard:konami #search:tate>cw #lang:en #mameparent #mamerom:pooyan,9d4a78bed292edf2f07e16dfbc833d28,d67ab5143fa374c24d25faabfd916612131abf4c,3e0d3337827f6da907dbdbb1e95cd666bcb80d067a9a58cfa0636d60fdad67b1,7fd7584ecd87234b2d1835c4f6a240d0400cede166039abaeb1b1bd959923e024c82148a4645508e00bbb43b6de964d3cdba6748ffc8e3c9238724583081f3b8
Pooyan,=,Pooyan,=,pooyan,USA,1982-12,Konami,Stern,#input:joystick>2v:buttons>1 #players:2:alt #genre:shmup #arcadeboard:konami #search:tate>cw #lang:en #mamerom:pooyan>pooyans,9d4a78bed292edf2f07e16dfbc833d28,d67ab5143fa374c24d25faabfd916612131abf4c,3e0d3337827f6da907dbdbb1e95cd666bcb80d067a9a58cfa0636d60fdad67b1,7fd7584ecd87234b2d1835c4f6a240d0400cede166039abaeb1b1bd959923e024c82148a4645508e00bbb43b6de964d3cdba6748ffc8e3c9238724583081f3b8
Pootan,=,Pootan,Pootan プータン,pooyan,Japan,1983,Konami,,#input:joystick>2v:buttons>1 #players:2:alt #genre:shmup #arcadeboard:konami #search:tate>cw #lang:en #unlicensed:bootleg #mamerom:pooyan>pootan,9d4a78bed292edf2f07e16dfbc833d28,d67ab5143fa374c24d25faabfd916612131abf4c,3e0d3337827f6da907dbdbb1e95cd666bcb80d067a9a58cfa0636d60fdad67b1,7fd7584ecd87234b2d1835c4f6a240d0400cede166039abaeb1b1bd959923e024c82148a4645508e00bbb43b6de964d3cdba6748ffc8e3c9238724583081f3b8
Scramble,=,Scramble,=,scramble,Japan,1981-02,Konami,Leijac,#input:joystick>8:buttons>2 #players:2:alt #genre:shmup>h #arcadeboard:konami #search:tate>cw #lang:en #mameparent #mamerom:scramble,c512299c5c2d13fb9564b5583f2dba89,b9f393acaeb7a2c31ea3877b9ff5a6e0ad9b7749,d5dbe5e3adbda0c50c33fb4b577131f211d0bafd42e49abda3f659167c7eb85c,dd61b812a8dc91b87297a8399b70d40f1cd985d4adacb905e9e571cd789b4fdbd41c7007a797367b783ce3ce50325ffc66925c100e2de5138b3ce6d56ed41d08
Scramble,=,Scramble,=,scramble,Stern,1981,Konami,Stern,#input:joystick>8:buttons>2 #players:2:alt #genre:shmup>h #arcadeboard:konami #search:tate>cw #set:1 #lang:en #mamerom:scramble>scrambles,c512299c5c2d13fb9564b5583f2dba89,b9f393acaeb7a2c31ea3877b9ff5a6e0ad9b7749,d5dbe5e3adbda0c50c33fb4b577131f211d0bafd42e49abda3f659167c7eb85c,dd61b812a8dc91b87297a8399b70d40f1cd985d4adacb905e9e571cd789b4fdbd41c7007a797367b783ce3ce50325ffc66925c100e2de5138b3ce6d56ed41d08
Scramble,=,Scramble,=,scramble,Stern,1981,Konami,Stern,#input:joystick>8:buttons>2 #players:2:alt #genre:shmup>h #arcadeboard:konami #search:tate>cw #set:2 #lang:en #mamerom:scramble>scrambles2,c512299c5c2d13fb9564b5583f2dba89,b9f393acaeb7a2c31ea3877b9ff5a6e0ad9b7749,d5dbe5e3adbda0c50c33fb4b577131f211d0bafd42e49abda3f659167c7eb85c,dd61b812a8dc91b87297a8399b70d40f1cd985d4adacb905e9e571cd789b4fdbd41c7007a797367b783ce3ce50325ffc66925c100e2de5138b3ce6d56ed41d08
Scramble,=,Scramble,=,scramble,,1981,Konami,,#input:joystick>8:buttons>2 #players:2:alt #genre:shmup>h #arcadeboard:konami #search:tate>cw #lang:en #unlicensed:bootleg #mamerom:scramble>scramblebb,c512299c5c2d13fb9564b5583f2dba89,b9f393acaeb7a2c31ea3877b9ff5a6e0ad9b7749,d5dbe5e3adbda0c50c33fb4b577131f211d0bafd42e49abda3f659167c7eb85c,dd61b812a8dc91b87297a8399b70d40f1cd985d4adacb905e9e571cd789b4fdbd41c7007a797367b783ce3ce50325ffc66925c100e2de5138b3ce6d56ed41d08
Scramble,=,Scramble,=,scramble,,1981,Konami,,#input:joystick>8:buttons>2 #players:2:alt #genre:shmup>h #arcadeboard:namco #search:tate>cw #lang:en #unlicensed:bootleg #mamerom:scramble>scramblb,c512299c5c2d13fb9564b5583f2dba89,b9f393acaeb7a2c31ea3877b9ff5a6e0ad9b7749,d5dbe5e3adbda0c50c33fb4b577131f211d0bafd42e49abda3f659167c7eb85c,dd61b812a8dc91b87297a8399b70d40f1cd985d4adacb905e9e571cd789b4fdbd41c7007a797367b783ce3ce50325ffc66925c100e2de5138b3ce6d56ed41d08
Scramble,=,Scramble,=,scramble,,1981,Konami,,#input:joystick>8:buttons>2 #players:2:alt #genre:shmup>h #arcadeboard:konami #search:tate>cw #set:1 #lang:en #unlicensed:bootleg #mamerom:scramble>scramb2,c512299c5c2d13fb9564b5583f2dba89,b9f393acaeb7a2c31ea3877b9ff5a6e0ad9b7749,d5dbe5e3adbda0c50c33fb4b577131f211d0bafd42e49abda3f659167c7eb85c,dd61b812a8dc91b87297a8399b70d40f1cd985d4adacb905e9e571cd789b4fdbd41c7007a797367b783ce3ce50325ffc66925c100e2de5138b3ce6d56ed41d08
Scramble,=,Scramble,=,scramble,,1981,Konami,,#input:joystick>8:buttons>2 #players:2:alt #genre:shmup>h #arcadeboard:konami #search:tate>cw #set:2 #lang:en #unlicensed:bootleg #mamerom:scramble>scramb3,c512299c5c2d13fb9564b5583f2dba89,b9f393acaeb7a2c31ea3877b9ff5a6e0ad9b7749,d5dbe5e3adbda0c50c33fb4b577131f211d0bafd42e49abda3f659167c7eb85c,dd61b812a8dc91b87297a8399b70d40f1cd985d4adacb905e9e571cd789b4fdbd41c7007a797367b783ce3ce50325ffc66925c100e2de5138b3ce6d56ed41d08
Scramble,=,Scramble,=,scramble,Spain,1981,Konami,Centromatic,#input:joystick>8:buttons>2 #players:2:alt #genre:shmup>h #arcadeboard:konami #search:tate>cw #lang:en #unlicensed:bootleg #mamerom:scramble>scramce,c512299c5c2d13fb9564b5583f2dba89,b9f393acaeb7a2c31ea3877b9ff5a6e0ad9b7749,d5dbe5e3adbda0c50c33fb4b577131f211d0bafd42e49abda3f659167c7eb85c,dd61b812a8dc91b87297a8399b70d40f1cd985d4adacb905e9e571cd789b4fdbd41c7007a797367b783ce3ce50325ffc66925c100e2de5138b3ce6d56ed41d08
Scramble,=,Scramble,=,scramble,France,1981,Konami,Karateco,#input:joystick>8:buttons>2 #players:2:alt #genre:shmup>h #arcadeboard:konami #search:tate>cw #lang:fr #unlicensed:bootleg #mamerom:scramble>scramblebf,c512299c5c2d13fb9564b5583f2dba89,b9f393acaeb7a2c31ea3877b9ff5a6e0ad9b7749,d5dbe5e3adbda0c50c33fb4b577131f211d0bafd42e49abda3f659167c7eb85c,dd61b812a8dc91b87297a8399b70d40f1cd985d4adacb905e9e571cd789b4fdbd41c7007a797367b783ce3ce50325ffc66925c100e2de5138b3ce6d56ed41d08
Scramble,=,Scramble,=,scramble,Italy,1981,Konami,Model Racing,#input:joystick>8:buttons>2 #players:2:alt #genre:shmup>h #arcadeboard:konami #search:tate>cw #lang:en #unlicensed:bootleg #mamerom:scramble>scrammr,c512299c5c2d13fb9564b5583f2dba89,b9f393acaeb7a2c31ea3877b9ff5a6e0ad9b7749,d5dbe5e3adbda0c50c33fb4b577131f211d0bafd42e49abda3f659167c7eb85c,dd61b812a8dc91b87297a8399b70d40f1cd985d4adacb905e9e571cd789b4fdbd41c7007a797367b783ce3ce50325ffc66925c100e2de5138b3ce6d56ed41d08
Scramble,=,Scramble,=,scramble,Spain,1981,Konami,Okapi,#input:joystick>8:buttons>2 #players:2:alt #genre:shmup>h #arcadeboard:konami #search:tate>cw #lang:en #unlicensed:bootleg #mamerom:scramble>scrambleo,c512299c5c2d13fb9564b5583f2dba89,b9f393acaeb7a2c31ea3877b9ff5a6e0ad9b7749,d5dbe5e3adbda0c50c33fb4b577131f211d0bafd42e49abda3f659167c7eb85c,dd61b812a8dc91b87297a8399b70d40f1cd985d4adacb905e9e571cd789b4fdbd41c7007a797367b783ce3ce50325ffc66925c100e2de5138b3ce6d56ed41d08
Scramble,=,Scramble,=,scramble,Spain,1981,Konami,Petaco,#input:joystick>8:buttons>2 #players:2:alt #genre:shmup>h #arcadeboard:konami #search:tate>cw #lang:es #unlicensed:bootleg #mamerom:scramble>scrampt,c512299c5c2d13fb9564b5583f2dba89,b9f393acaeb7a2c31ea3877b9ff5a6e0ad9b7749,d5dbe5e3adbda0c50c33fb4b577131f211d0bafd42e49abda3f659167c7eb85c,dd61b812a8dc91b87297a8399b70d40f1cd985d4adacb905e9e571cd789b4fdbd41c7007a797367b783ce3ce50325ffc66925c100e2de5138b3ce6d56ed41d08
Scramble,=,Scramble,=,scramble,Spain,1981,Konami,Reben,#input:joystick>8:buttons>2 #players:2:alt #genre:shmup>h #arcadeboard:konami #search:tate>cw #lang:es #unlicensed:bootleg #mamerom:scramble>scrambler,c512299c5c2d13fb9564b5583f2dba89,b9f393acaeb7a2c31ea3877b9ff5a6e0ad9b7749,d5dbe5e3adbda0c50c33fb4b577131f211d0bafd42e49abda3f659167c7eb85c,dd61b812a8dc91b87297a8399b70d40f1cd985d4adacb905e9e571cd789b4fdbd41c7007a797367b783ce3ce50325ffc66925c100e2de5138b3ce6d56ed41d08
Scramble,=,Scramble,=,scramble,Spain,1981,Konami,Recreativos Franco,#input:joystick>8:buttons>2 #players:2:alt #genre:shmup>h #arcadeboard:konami #search:tate>cw #lang:es #unlicensed:bootleg #mamerom:scramble>scramrf,c512299c5c2d13fb9564b5583f2dba89,b9f393acaeb7a2c31ea3877b9ff5a6e0ad9b7749,d5dbe5e3adbda0c50c33fb4b577131f211d0bafd42e49abda3f659167c7eb85c,dd61b812a8dc91b87297a8399b70d40f1cd985d4adacb905e9e571cd789b4fdbd41c7007a797367b783ce3ce50325ffc66925c100e2de5138b3ce6d56ed41d08
Scramble,=,Scramble,=,scramble,,1981,Konami,,#input:joystick>8:buttons>2 #players:2:alt #genre:shmup>h #arcadeboard:konami #search:tate>cw #lang:en #unlicensed:bootleg #mamerom:scramble>scramblebun,c512299c5c2d13fb9564b5583f2dba89,b9f393acaeb7a2c31ea3877b9ff5a6e0ad9b7749,d5dbe5e3adbda0c50c33fb4b577131f211d0bafd42e49abda3f659167c7eb85c,dd61b812a8dc91b87297a8399b70d40f1cd985d4adacb905e9e571cd789b4fdbd41c7007a797367b783ce3ce50325ffc66925c100e2de5138b3ce6d56ed41d08
Astro Ambush,=,Astro Ambush,=,scramble,,1981,Konami,UCE,#input:joystick>8:buttons>2 #players:2:alt #genre:shmup>h #arcadeboard:namco #search:tate>cw #lang:en #unlicensed:bootleg #mamerom:scramble>astroamb,c512299c5c2d13fb9564b5583f2dba89,b9f393acaeb7a2c31ea3877b9ff5a6e0ad9b7749,d5dbe5e3adbda0c50c33fb4b577131f211d0bafd42e49abda3f659167c7eb85c,dd61b812a8dc91b87297a8399b70d40f1cd985d4adacb905e9e571cd789b4fdbd41c7007a797367b783ce3ce50325ffc66925c100e2de5138b3ce6d56ed41d08
Bomber,=,Bomber,=,scramble,United Kingdom,1981,Konami,Alca,#input:joystick>8:buttons>2 #players:2:alt #genre:shmup>h #arcadeboard:konami #search:tate>cw #lang:en #unlicensed:bootleg #mamerom:scramble>bomber,c512299c5c2d13fb9564b5583f2dba89,b9f393acaeb7a2c31ea3877b9ff5a6e0ad9b7749,d5dbe5e3adbda0c50c33fb4b577131f211d0bafd42e49abda3f659167c7eb85c,dd61b812a8dc91b87297a8399b70d40f1cd985d4adacb905e9e571cd789b4fdbd41c7007a797367b783ce3ce50325ffc66925c100e2de5138b3ce6d56ed41d08
Explorer,=,Explorer,=,scramble,Italy,1981,Konami,Sidam,#input:joystick>8:buttons>2 #players:2:alt #genre:shmup>h #arcadeboard:konami #search:tate>cw #lang:en #unlicensed:bootleg #mamerom:scramble>explorer,c512299c5c2d13fb9564b5583f2dba89,b9f393acaeb7a2c31ea3877b9ff5a6e0ad9b7749,d5dbe5e3adbda0c50c33fb4b577131f211d0bafd42e49abda3f659167c7eb85c,dd61b812a8dc91b87297a8399b70d40f1cd985d4adacb905e9e571cd789b4fdbd41c7007a797367b783ce3ce50325ffc66925c100e2de5138b3ce6d56ed41d08
Impacto,=,Impacto,=,scramble,Spain,1981,Konami,Billport,#input:joystick>8:buttons>2 #players:2:alt #genre:shmup>h #arcadeboard:konami #search:tate>cw #lang:es #unlicensed:bootleg #mamerom:scramble>scrambp,c512299c5c2d13fb9564b5583f2dba89,b9f393acaeb7a2c31ea3877b9ff5a6e0ad9b7749,d5dbe5e3adbda0c50c33fb4b577131f211d0bafd42e49abda3f659167c7eb85c,dd61b812a8dc91b87297a8399b70d40f1cd985d4adacb905e9e571cd789b4fdbd41c7007a797367b783ce3ce50325ffc66925c100e2de5138b3ce6d56ed41d08
Kamikaze,=,Kamikaze,=,scramble,Spain,1981,Konami,Euromatic,#input:joystick>8:buttons>2 #players:2:alt #genre:shmup>h #arcadeboard:konami #search:tate>cw #lang:en #unlicensed:bootleg #mamerom:scramble>kamikazesp,c512299c5c2d13fb9564b5583f2dba89,b9f393acaeb7a2c31ea3877b9ff5a6e0ad9b7749,d5dbe5e3adbda0c50c33fb4b577131f211d0bafd42e49abda3f659167c7eb85c,dd61b812a8dc91b87297a8399b70d40f1cd985d4adacb905e9e571cd789b4fdbd41c7007a797367b783ce3ce50325ffc66925c100e2de5138b3ce6d56ed41d08
New Century,=,New Century,=,scramble,Spain,1981,Konami,Petaco,#input:joystick>8:buttons>2 #players:2:alt #genre:shmup>h #arcadeboard:konami #search:tate>cw #lang:en #unlicensed:bootleg #mamerom:scramble>ncentury,c512299c5c2d13fb9564b5583f2dba89,b9f393acaeb7a2c31ea3877b9ff5a6e0ad9b7749,d5dbe5e3adbda0c50c33fb4b577131f211d0bafd42e49abda3f659167c7eb85c,dd61b812a8dc91b87297a8399b70d40f1cd985d4adacb905e9e571cd789b4fdbd41c7007a797367b783ce3ce50325ffc66925c100e2de5138b3ce6d56ed41d08
Offensive,=,Offensive,=,scramble,Spain,1981,Konami,Video Dens,#input:joystick>8:buttons>2 #players:2:alt #genre:shmup>h #arcadeboard:konami #search:tate>cw #lang:es #unlicensed:bootleg #mamerom:scramble>offensiv,c512299c5c2d13fb9564b5583f2dba89,b9f393acaeb7a2c31ea3877b9ff5a6e0ad9b7749,d5dbe5e3adbda0c50c33fb4b577131f211d0bafd42e49abda3f659167c7eb85c,dd61b812a8dc91b87297a8399b70d40f1cd985d4adacb905e9e571cd789b4fdbd41c7007a797367b783ce3ce50325ffc66925c100e2de5138b3ce6d56ed41d08
Scrabble,=,Scrabble,=,scramble,Spain,1981,Konami,Okapi,#input:joystick>8:buttons>2 #players:2:alt #genre:shmup>h #arcadeboard:konami #search:tate>cw #lang:en #unlicensed:bootleg #mamerom:scramble>scrabbleo,c512299c5c2d13fb9564b5583f2dba89,b9f393acaeb7a2c31ea3877b9ff5a6e0ad9b7749,d5dbe5e3adbda0c50c33fb4b577131f211d0bafd42e49abda3f659167c7eb85c,dd61b812a8dc91b87297a8399b70d40f1cd985d4adacb905e9e571cd789b4fdbd41c7007a797367b783ce3ce50325ffc66925c100e2de5138b3ce6d56ed41d08
Sea Invasion,=,Sea Invasion,=,scramble,Japan,1981,Konami,Hoei,#input:joystick>8:buttons>2 #players:2:alt #genre:shmup>h #arcadeboard:konami #search:tate>cw #lang:en #unlicensed:bootleg #mamerom:scramble>seainv,c512299c5c2d13fb9564b5583f2dba89,b9f393acaeb7a2c31ea3877b9ff5a6e0ad9b7749,d5dbe5e3adbda0c50c33fb4b577131f211d0bafd42e49abda3f659167c7eb85c,dd61b812a8dc91b87297a8399b70d40f1cd985d4adacb905e9e571cd789b4fdbd41c7007a797367b783ce3ce50325ffc66925c100e2de5138b3ce6d56ed41d08
Space Mission,=,Space Mission,=,scramble,Spain,1981,Konami,Sonic SA,#input:joystick>8:buttons>2 #players:2:alt #genre:shmup>h #arcadeboard:konami #search:tate>cw #lang:es #unlicensed:bootleg #mamerom:scramble>spcmission,c512299c5c2d13fb9564b5583f2dba89,b9f393acaeb7a2c31ea3877b9ff5a6e0ad9b7749,d5dbe5e3adbda0c50c33fb4b577131f211d0bafd42e49abda3f659167c7eb85c,dd61b812a8dc91b87297a8399b70d40f1cd985d4adacb905e9e571cd789b4fdbd41c7007a797367b783ce3ce50325ffc66925c100e2de5138b3ce6d56ed41d08
Space Trek,=,Space Trek,=,scramble,Spain,1981,Konami,Video Game,#input:joystick>8:buttons>2 #players:2:alt #genre:shmup>h #arcadeboard:konami #search:tate>cw #lang:es #unlicensed:bootleg #mamerom:scramble>spctrek,c512299c5c2d13fb9564b5583f2dba89,b9f393acaeb7a2c31ea3877b9ff5a6e0ad9b7749,d5dbe5e3adbda0c50c33fb4b577131f211d0bafd42e49abda3f659167c7eb85c,dd61b812a8dc91b87297a8399b70d40f1cd985d4adacb905e9e571cd789b4fdbd41c7007a797367b783ce3ce50325ffc66925c100e2de5138b3ce6d56ed41d08
Strafe Bomb,=,Strafe Bomb,=,scramble,USA,1981,Konami,Omni,#input:joystick>8:buttons>2 #players:2:alt #genre:shmup>h #arcadeboard:konami #search:tate>cw #lang:en #unlicensed:bootleg #mamerom:scramble>strfbomb,c512299c5c2d13fb9564b5583f2dba89,b9f393acaeb7a2c31ea3877b9ff5a6e0ad9b7749,d5dbe5e3adbda0c50c33fb4b577131f211d0bafd42e49abda3f659167c7eb85c,dd61b812a8dc91b87297a8399b70d40f1cd985d4adacb905e9e571cd789b4fdbd41c7007a797367b783ce3ce50325ffc66925c100e2de5138b3ce6d56ed41d08
Space King-2,=,Space King 2,=,spaceking2,World,1979,Konami,Leijac/Stern,#input:joystick>2h:buttons>1 #players:2:alt #genre:shmup #arcadeboard:stern #search:tate>ccw #lang:en #mameparent #mamerom:spcking2,6e470e1af2b3d1f235df1e32cb1ac91a,f5dc125cab270171f305eba1803f96eda879195c,f39066b4d0fff28ccc10355129637ddea7a581b8e6cae4cd69b10098be18a655,d33719ba7f4df788336785d4389f69d2970a2b7228ca280b3ed37dbdadd996692760eb8e5947a60accb8e0ffd0367487fdfc02cd91d65a9a2ecb6d9e952c8070
Space War,=,Space War,=,spacewar,Japan,1979-11,Konami,Leijac,#input:joystick>2h:buttons>1 #players:2:vs #genre:shmup #arcadeboard:midway #search:tate>ccw #lang:en #mameparent #mamerom:spcewarl,cf9d54bac7f5ee293441e74212b7c997,cd3557699f36933cbdcd86109151608f3a9af3d2,b09568cefead32ad602952ab23405632b1bf2a75bc0cf49233ab15b82152b336,c6c360ffc5ac58645f68f950b833af1eb308b50936eed911d6cd941da685e4cad83d66d954255fd17f4d2350f86032a70e65812dbd5e6f85a8a7704389862494
Space Laser,=,Space Laser,=,spacewar,Europe,1980-11,Taito,GamePlan,#input:joystick>2h:buttons>1 #players:2:vs #genre:shmup #arcadeboard:midway #search:tate>ccw #lang:en #mamerom:spcewarl>spclaser,cf9d54bac7f5ee293441e74212b7c997,cd3557699f36933cbdcd86109151608f3a9af3d2,b09568cefead32ad602952ab23405632b1bf2a75bc0cf49233ab15b82152b336,c6c360ffc5ac58645f68f950b833af1eb308b50936eed911d6cd941da685e4cad83d66d954255fd17f4d2350f86032a70e65812dbd5e6f85a8a7704389862494
Intruder,=,Intruder,=,spacewar,USA,1980,Taito,GamePlan,#input:joystick>2h:buttons>1 #players:2:vs #genre:shmup #arcadeboard:midway #search:tate>ccw #lang:en #mamerom:spcewarl>intruder,cf9d54bac7f5ee293441e74212b7c997,cd3557699f36933cbdcd86109151608f3a9af3d2,b09568cefead32ad602952ab23405632b1bf2a75bc0cf49233ab15b82152b336,c6c360ffc5ac58645f68f950b833af1eb308b50936eed911d6cd941da685e4cad83d66d954255fd17f4d2350f86032a70e65812dbd5e6f85a8a7704389862494
Astro Laser,=,Astro Laser,=,spacewar,USA,1980,Taito,Leisure Time,#input:joystick>2h:buttons>1 #players:2:vs #genre:shmup #arcadeboard:midway #search:tate>ccw #lang:en #unlicensed:bootleg #mamerom:spcewarl>laser,cf9d54bac7f5ee293441e74212b7c997,cd3557699f36933cbdcd86109151608f3a9af3d2,b09568cefead32ad602952ab23405632b1bf2a75bc0cf49233ab15b82152b336,c6c360ffc5ac58645f68f950b833af1eb308b50936eed911d6cd941da685e4cad83d66d954255fd17f4d2350f86032a70e65812dbd5e6f85a8a7704389862494
Strategy X,=,Strategy X,=,strategyx,Japan,1981-10,Konami,Konami,#input:joystick>8:buttons>2 #players:2:alt #genre:shmup>v #arcadeboard:konami #lang:en #mameparent #mamerom:stratgyx,e928df876b01157649782989fc72f9b0,a99b5cccfe1e746b0459507580dd397d8dae31b0,ec3a123b7aa4e051a44b1e945684bbc4ab473c48b14c13c7b29269cfd506b7d8,9133fba3ba3672113dbf4b0a461c957ec1cbe4819516e2e66bd9d6184102e9cf84f9455f594ce0d8fee760e064225c0cb7b21741f8103ee41e909104d86e580d
Strategy X,=,Strategy X,=,strategyx,USA,1981-12,Konami,Stern,#input:joystick>8:buttons>2 #players:2:alt #genre:shmup>v #arcadeboard:konami #lang:en #mamerom:stratgyx>stratgys,e928df876b01157649782989fc72f9b0,a99b5cccfe1e746b0459507580dd397d8dae31b0,ec3a123b7aa4e051a44b1e945684bbc4ab473c48b14c13c7b29269cfd506b7d8,9133fba3ba3672113dbf4b0a461c957ec1cbe4819516e2e66bd9d6184102e9cf84f9455f594ce0d8fee760e064225c0cb7b21741f8103ee41e909104d86e580d
Strong X,=,Strong X,=,strategyx,,1982,Konami,,#input:joystick>8:buttons>2 #players:2:alt #genre:shmup>v #arcadeboard:konami #lang:en #unlicensed:bootleg #mamerom:stratgyx>strongx,e928df876b01157649782989fc72f9b0,a99b5cccfe1e746b0459507580dd397d8dae31b0,ec3a123b7aa4e051a44b1e945684bbc4ab473c48b14c13c7b29269cfd506b7d8,9133fba3ba3672113dbf4b0a461c957ec1cbe4819516e2e66bd9d6184102e9cf84f9455f594ce0d8fee760e064225c0cb7b21741f8103ee41e909104d86e580d
Super Cobra,=,Super Cobra,Super Cobra スーパーコブラ,supercobra,Japan,1981-03,Konami,Konami,#input:joystick>4:buttons>2 #players:2:alt #genre:shmup>h #arcadeboard:namco #search:tate>cw #lang:en #mameparent #mamerom:scobra,9e8cc088c5d14ce24727ab274c4d2886,1789dc63d4815fae2ae699ccb162d8b8b10de0d2,1ffcdb7cdf69cd7e5bd86d74eb72a2b3a76f42bdc5cae1d11f596edfeb29bb94,4876a52db9f55993604b92c439efa2e4be651f2a9d20066314604efba2a5ed70ad6c4b2e5e96308febfd1ac12280aac83e622031d4951c3f422554990574ec4a
Super Cobra,=,Super Cobra,Super Cobra スーパーコブラ,supercobra,Japan,1981,Konami,Konami,#input:joystick>4:buttons>2 #players:2:alt #genre:shmup>h #arcadeboard:namco #search:tate>cw #lang:en #mamerom:scobra>scobrae2,9e8cc088c5d14ce24727ab274c4d2886,1789dc63d4815fae2ae699ccb162d8b8b10de0d2,1ffcdb7cdf69cd7e5bd86d74eb72a2b3a76f42bdc5cae1d11f596edfeb29bb94,4876a52db9f55993604b92c439efa2e4be651f2a9d20066314604efba2a5ed70ad6c4b2e5e96308febfd1ac12280aac83e622031d4951c3f422554990574ec4a
Super Cobra,=,Super Cobra,Super Cobra スーパーコブラ,supercobra,Japan,1981,Konami,SEGA,#input:joystick>4:buttons>2 #players:2:alt #genre:shmup>h #arcadeboard:namco #search:tate>cw #lang:en #mamerom:scobra>scobrase,9e8cc088c5d14ce24727ab274c4d2886,1789dc63d4815fae2ae699ccb162d8b8b10de0d2,1ffcdb7cdf69cd7e5bd86d74eb72a2b3a76f42bdc5cae1d11f596edfeb29bb94,4876a52db9f55993604b92c439efa2e4be651f2a9d20066314604efba2a5ed70ad6c4b2e5e96308febfd1ac12280aac83e622031d4951c3f422554990574ec4a
Super Cobra,=,Super Cobra,=,supercobra,USA,1981,Konami,Stern,#input:joystick>4:buttons>2 #players:2:alt #genre:shmup>h #arcadeboard:namco #search:tate>cw #lang:en #mamerom:scobra>scobras,9e8cc088c5d14ce24727ab274c4d2886,1789dc63d4815fae2ae699ccb162d8b8b10de0d2,1ffcdb7cdf69cd7e5bd86d74eb72a2b3a76f42bdc5cae1d11f596edfeb29bb94,4876a52db9f55993604b92c439efa2e4be651f2a9d20066314604efba2a5ed70ad6c4b2e5e96308febfd1ac12280aac83e622031d4951c3f422554990574ec4a
Super Cobra,=,Super Cobra,=,supercobra,USA,1981,Konami,Stern,#input:joystick>4:buttons>2 #players:2:alt #genre:shmup>h #arcadeboard:namco #search:tate>cw #lang:en #mamerom:scobra>scobrae,9e8cc088c5d14ce24727ab274c4d2886,1789dc63d4815fae2ae699ccb162d8b8b10de0d2,1ffcdb7cdf69cd7e5bd86d74eb72a2b3a76f42bdc5cae1d11f596edfeb29bb94,4876a52db9f55993604b92c439efa2e4be651f2a9d20066314604efba2a5ed70ad6c4b2e5e96308febfd1ac12280aac83e622031d4951c3f422554990574ec4a
Super Cobra,=,Super Cobra,=,supercobra,France,1981,Konami,Karateco,#input:joystick>4:buttons>2 #players:2:alt #genre:shmup>h #arcadeboard:namco #search:tate>cw #set:1 #lang:en #unlicensed:bootleg #mamerom:scobra>scobrab,9e8cc088c5d14ce24727ab274c4d2886,1789dc63d4815fae2ae699ccb162d8b8b10de0d2,1ffcdb7cdf69cd7e5bd86d74eb72a2b3a76f42bdc5cae1d11f596edfeb29bb94,4876a52db9f55993604b92c439efa2e4be651f2a9d20066314604efba2a5ed70ad6c4b2e5e96308febfd1ac12280aac83e622031d4951c3f422554990574ec4a
Super Cobra,=,Super Cobra,=,supercobra,Italy,1981,Konami,Zaccaria,#input:joystick>4:buttons>2 #players:2:alt #genre:shmup>h #arcadeboard:namco #search:tate>cw #set:2 #lang:en #unlicensed:bootleg #mamerom:scobra>scobrag,9e8cc088c5d14ce24727ab274c4d2886,1789dc63d4815fae2ae699ccb162d8b8b10de0d2,1ffcdb7cdf69cd7e5bd86d74eb72a2b3a76f42bdc5cae1d11f596edfeb29bb94,4876a52db9f55993604b92c439efa2e4be651f2a9d20066314604efba2a5ed70ad6c4b2e5e96308febfd1ac12280aac83e622031d4951c3f422554990574ec4a
Super Cobra,=,Super Cobra,=,supercobra,Spain,1981,Konami,Cocamatic,#input:joystick>4:buttons>2 #players:2:alt #genre:shmup>h #arcadeboard:namco #search:tate>cw #set:3 #lang:es #unlicensed:bootleg #mamerom:scobra>scobraggi,9e8cc088c5d14ce24727ab274c4d2886,1789dc63d4815fae2ae699ccb162d8b8b10de0d2,1ffcdb7cdf69cd7e5bd86d74eb72a2b3a76f42bdc5cae1d11f596edfeb29bb94,4876a52db9f55993604b92c439efa2e4be651f2a9d20066314604efba2a5ed70ad6c4b2e5e96308febfd1ac12280aac83e622031d4951c3f422554990574ec4a
Super Heli,=,Super Heli,=,supercobra,,1981,Konami,,#input:joystick>4:buttons>2 #players:2:alt #genre:shmup>h #arcadeboard:namco #search:tate>cw #lang:en #unlicensed:bootleg #mamerom:scobra>suprheli,9e8cc088c5d14ce24727ab274c4d2886,1789dc63d4815fae2ae699ccb162d8b8b10de0d2,1ffcdb7cdf69cd7e5bd86d74eb72a2b3a76f42bdc5cae1d11f596edfeb29bb94,4876a52db9f55993604b92c439efa2e4be651f2a9d20066314604efba2a5ed70ad6c4b2e5e96308febfd1ac12280aac83e622031d4951c3f422554990574ec4a
Tactician,=,Tactician,=,tactician,Japan,1981-12,Konami,SEGA,#input:joystick>4:buttons>2 #players:2:alt #genre:shmup #arcadeboard:namco #search:tate>cw #set:2 #lang:en #mamerom:tactcian>tactcian2,0ced42cc88e9e77b4fad4c009c245048,562757b93684cc8833faa76bcb16be4ea05a34c8,2d159e6987c7b1c8d6e4d880ed7f0d62c6c83f3abda84d1e91afd74b8b064803,4eb91bf249b38decb88345a36ea6536cde8d39a12e4decf045522cc3a58baf08aeffd0c986da38c52046fc495b9055381fb3bcce7f7725b06065e7bf942750a7
Tactician,=,Tactician,=,tactician,USA,1982,Konami,SEGA,#input:joystick>4:buttons>2 #players:2:alt #genre:shmup #arcadeboard:namco #search:tate>cw #set:1 #lang:en #mameparent #mamerom:tactcian,0ced42cc88e9e77b4fad4c009c245048,562757b93684cc8833faa76bcb16be4ea05a34c8,2d159e6987c7b1c8d6e4d880ed7f0d62c6c83f3abda84d1e91afd74b8b064803,4eb91bf249b38decb88345a36ea6536cde8d39a12e4decf045522cc3a58baf08aeffd0c986da38c52046fc495b9055381fb3bcce7f7725b06065e7bf942750a7
Time Pilot,=,Time Pilot,Time Pilot タイムパイロット,timepilot,World,1982-11,Konami,Konami,#input:joystick>8:buttons>1 #players:2:alt #genre:shmup #arcadeboard:konami #search:tate>cw #lang:en #mameparent #mamerom:timeplt,3efb24b7ce6df271697f54ddee5f9077,cab183f033e80a8eb9361aa5d21fc050e23aa9b7,37b7bed8c53c6a6887dc9cddc5313011b44e20ac9a1cf6e333466c1b2d963d1f,6717cdc04519b4d373beb5f00b826965a7b57cc71b99fe4a4e439e6377bc4c83c4a339055262f4dcb616dd9e4c0eb59637bbf03b0ae56f17bb01bf365e8d965e
Time Pilot,=,Time Pilot,=,timepilot,USA,1982-12,Konami,Centuri,#input:joystick>8:buttons>1 #players:2:alt #genre:shmup #arcadeboard:konami #search:tate>cw #lang:en #mamerom:timeplt>timepltc,3efb24b7ce6df271697f54ddee5f9077,cab183f033e80a8eb9361aa5d21fc050e23aa9b7,37b7bed8c53c6a6887dc9cddc5313011b44e20ac9a1cf6e333466c1b2d963d1f,6717cdc04519b4d373beb5f00b826965a7b57cc71b99fe4a4e439e6377bc4c83c4a339055262f4dcb616dd9e4c0eb59637bbf03b0ae56f17bb01bf365e8d965e
Time Pilot,=,Time Pilot,=,timepilot,United Kingdom/Ireland/France,1983,Konami,Atari/Karateco,#input:joystick>8:buttons>1 #players:2:alt #genre:shmup #arcadeboard:konami #search:tate>cw #lang:en #mamerom:timeplt>timeplta,3efb24b7ce6df271697f54ddee5f9077,cab183f033e80a8eb9361aa5d21fc050e23aa9b7,37b7bed8c53c6a6887dc9cddc5313011b44e20ac9a1cf6e333466c1b2d963d1f,6717cdc04519b4d373beb5f00b826965a7b57cc71b99fe4a4e439e6377bc4c83c4a339055262f4dcb616dd9e4c0eb59637bbf03b0ae56f17bb01bf365e8d965e
Space Pilot,=,Space Pilot,=,timepilot,,1983,Konami,,#input:joystick>8:buttons>1 #players:2:alt #genre:shmup #arcadeboard:konami #search:tate>cw #set:1 #lang:en #unlicensed:bootleg #mamerom:timeplt>spaceplt,3efb24b7ce6df271697f54ddee5f9077,cab183f033e80a8eb9361aa5d21fc050e23aa9b7,37b7bed8c53c6a6887dc9cddc5313011b44e20ac9a1cf6e333466c1b2d963d1f,6717cdc04519b4d373beb5f00b826965a7b57cc71b99fe4a4e439e6377bc4c83c4a339055262f4dcb616dd9e4c0eb59637bbf03b0ae56f17bb01bf365e8d965e
Space Pilot,=,Space Pilot,=,timepilot,,1983,Konami,,#input:joystick>8:buttons>1 #players:2:alt #genre:shmup #arcadeboard:konami #search:tate>cw #set:2 #lang:en #unlicensed:bootleg #mamerom:timeplt>spaceplta,3efb24b7ce6df271697f54ddee5f9077,cab183f033e80a8eb9361aa5d21fc050e23aa9b7,37b7bed8c53c6a6887dc9cddc5313011b44e20ac9a1cf6e333466c1b2d963d1f,6717cdc04519b4d373beb5f00b826965a7b57cc71b99fe4a4e439e6377bc4c83c4a339055262f4dcb616dd9e4c0eb59637bbf03b0ae56f17bb01bf365e8d965e
Tutankham,=,Tutankham,Tutankham ツタンカーム,tutankham,Japan,1982-06,Konami,Konami,#input:joystick>4>2h:buttons>1 #players:2:alt #genre:action>maze #arcadeboard:konami #search:tate>cw #lang:en #mameparent #mamerom:tutankhm,8918e272d32b6edc1b728b9cee1a35ae,8ad432358165f150baa28c07a0d6acad2845ab05,cccd40634c63deac6cf8e9e83ffda8c6a110187080dd898b26f58e6966a88f3d,10d856a673d0a0054bd396174b481d296d6dd1eb0537faaf201c93e91db51a29be19a46857f9bd988e860f6107a210d3cc09d2ef67320926ff55d39854ada6ef
Tutankham,=,Tutankham,=,tutankham,USA,1982-07,Konami,Stern,#input:joystick>4>2h:buttons>1 #players:2:alt #genre:action>maze #arcadeboard:konami #search:tate>cw #lang:en #mamerom:tutankhm>tutankhms,8918e272d32b6edc1b728b9cee1a35ae,8ad432358165f150baa28c07a0d6acad2845ab05,cccd40634c63deac6cf8e9e83ffda8c6a110187080dd898b26f58e6966a88f3d,10d856a673d0a0054bd396174b481d296d6dd1eb0537faaf201c93e91db51a29be19a46857f9bd988e860f6107a210d3cc09d2ef67320926ff55d39854ada6ef
(Tutankham),=,(Tutankham),=,tutankham,,1982,Konami,,#input:joystick>4>2h:buttons>1 #players:2:alt #genre:action>maze #arcadeboard:konami #search:tate>cw #lang:en #unlicensed:bootleg #mamerom:tutankhm>tutankhmb,8918e272d32b6edc1b728b9cee1a35ae,8ad432358165f150baa28c07a0d6acad2845ab05,cccd40634c63deac6cf8e9e83ffda8c6a110187080dd898b26f58e6966a88f3d,10d856a673d0a0054bd396174b481d296d6dd1eb0537faaf201c93e91db51a29be19a46857f9bd988e860f6107a210d3cc09d2ef67320926ff55d39854ada6ef
Video Hustler,=,Video Hustler,=,videohustler,Japan,1981-08,Konami,Konami,#input:buttons>3 #players:2:vs #genre:parlor>billiards #arcadeboard:konami #search:tate>cw #lang:en #mameparent #mamerom:hustler,cd72d587932237eca56d0fc0e1920590,82500d96eb3ef08f3b3d623a12fc08c5f50b8a5b,e545d30ce98c7fea15dc35d2a395d76d39f5895269639bf7097aee54ea770cfa,024f7e7bb6ea61b5b63cddf9cb453aea3f8ec9f23996681226c58effa0e50ec41d8bbbe2937ee8ce4b70a4fd8e2e29df7b00c27e435561fb1a5bc2cfbfe9018f
Video Hustler,=,Video Hustler,=,videohustler,USA,1981,Konami,Dynamo,#input:buttons>3 #players:2:vs #genre:parlor>billiards #arcadeboard:konami #search:tate>cw #lang:en #mamerom:hustler>hustlerd,cd72d587932237eca56d0fc0e1920590,82500d96eb3ef08f3b3d623a12fc08c5f50b8a5b,e545d30ce98c7fea15dc35d2a395d76d39f5895269639bf7097aee54ea770cfa,024f7e7bb6ea61b5b63cddf9cb453aea3f8ec9f23996681226c58effa0e50ec41d8bbbe2937ee8ce4b70a4fd8e2e29df7b00c27e435561fb1a5bc2cfbfe9018f
Video Hustler,=,Video Hustler,=,videohustler,Spain,1981,Konami,Digimatic,#input:buttons>3 #players:2:vs #genre:parlor>billiards #arcadeboard:konami #search:tate>cw #set:1 #lang:en #unlicensed:bootleg #mamerom:hustler>hustlerb,cd72d587932237eca56d0fc0e1920590,82500d96eb3ef08f3b3d623a12fc08c5f50b8a5b,e545d30ce98c7fea15dc35d2a395d76d39f5895269639bf7097aee54ea770cfa,024f7e7bb6ea61b5b63cddf9cb453aea3f8ec9f23996681226c58effa0e50ec41d8bbbe2937ee8ce4b70a4fd8e2e29df7b00c27e435561fb1a5bc2cfbfe9018f
Video Hustler,=,Video Hustler,=,videohustler,,1981,Konami,,#input:buttons>3 #players:2:vs #genre:parlor>billiards #arcadeboard:konami #search:tate>cw #set:2 #lang:en #unlicensed:bootleg #mamerom:hustler>hustlerb4,cd72d587932237eca56d0fc0e1920590,82500d96eb3ef08f3b3d623a12fc08c5f50b8a5b,e545d30ce98c7fea15dc35d2a395d76d39f5895269639bf7097aee54ea770cfa,024f7e7bb6ea61b5b63cddf9cb453aea3f8ec9f23996681226c58effa0e50ec41d8bbbe2937ee8ce4b70a4fd8e2e29df7b00c27e435561fb1a5bc2cfbfe9018f
Video Hustler,=,Video Hustler,=,videohustler,,1981,Konami,,#input:buttons>3 #players:2:vs #genre:parlor>billiards #arcadeboard:konami #search:tate>cw #set:3 #lang:en #unlicensed:bootleg #mamerom:hustler>hustlerb5,cd72d587932237eca56d0fc0e1920590,82500d96eb3ef08f3b3d623a12fc08c5f50b8a5b,e545d30ce98c7fea15dc35d2a395d76d39f5895269639bf7097aee54ea770cfa,024f7e7bb6ea61b5b63cddf9cb453aea3f8ec9f23996681226c58effa0e50ec41d8bbbe2937ee8ce4b70a4fd8e2e29df7b00c27e435561fb1a5bc2cfbfe9018f
Video Hustler,=,Video Hustler,=,videohustler,,1981,Konami,,#input:buttons>3 #players:2:vs #genre:parlor>billiards #arcadeboard:konami #search:tate>cw #set:4 #lang:en #unlicensed:bootleg #mamerom:hustler>hustlerb6,cd72d587932237eca56d0fc0e1920590,82500d96eb3ef08f3b3d623a12fc08c5f50b8a5b,e545d30ce98c7fea15dc35d2a395d76d39f5895269639bf7097aee54ea770cfa,024f7e7bb6ea61b5b63cddf9cb453aea3f8ec9f23996681226c58effa0e50ec41d8bbbe2937ee8ce4b70a4fd8e2e29df7b00c27e435561fb1a5bc2cfbfe9018f
Video Hustler,=,Video Hustler,=,videohustler,Spain,1981,Konami,Marti Colls,#input:buttons>3 #players:2:vs #genre:parlor>billiards #arcadeboard:konami #search:tate>cw #set:5 #lang:en #unlicensed:bootleg #mamerom:hustler>hustlerb7,cd72d587932237eca56d0fc0e1920590,82500d96eb3ef08f3b3d623a12fc08c5f50b8a5b,e545d30ce98c7fea15dc35d2a395d76d39f5895269639bf7097aee54ea770cfa,024f7e7bb6ea61b5b63cddf9cb453aea3f8ec9f23996681226c58effa0e50ec41d8bbbe2937ee8ce4b70a4fd8e2e29df7b00c27e435561fb1a5bc2cfbfe9018f
Video Pool,=,Video Pool,=,videohustler,Italy,1981,Konami,Nuova Videotron,#input:buttons>3 #players:2:vs #genre:parlor>billiards #arcadeboard:konami #search:tate>cw #lang:en #unlicensed:bootleg #mamerom:hustler>vpool,cd72d587932237eca56d0fc0e1920590,82500d96eb3ef08f3b3d623a12fc08c5f50b8a5b,e545d30ce98c7fea15dc35d2a395d76d39f5895269639bf7097aee54ea770cfa,024f7e7bb6ea61b5b63cddf9cb453aea3f8ec9f23996681226c58effa0e50ec41d8bbbe2937ee8ce4b70a4fd8e2e29df7b00c27e435561fb1a5bc2cfbfe9018f
Fatsy Gambler,=,Fatsy Gambler,=,videohustler,,1981,Konami,,#input:buttons>3 #players:2:vs #genre:parlor>billiards #arcadeboard:konami #search:tate>cw #lang:en #unlicensed:bootleg #mamerom:hustler>hustlerb2,cd72d587932237eca56d0fc0e1920590,82500d96eb3ef08f3b3d623a12fc08c5f50b8a5b,e545d30ce98c7fea15dc35d2a395d76d39f5895269639bf7097aee54ea770cfa,024f7e7bb6ea61b5b63cddf9cb453aea3f8ec9f23996681226c58effa0e50ec41d8bbbe2937ee8ce4b70a4fd8e2e29df7b00c27e435561fb1a5bc2cfbfe9018f
The Billiards,=,The Billiards,=,videohustler,,1981,Konami,,#input:buttons>3 #players:2:vs #genre:parlor>billiards #arcadeboard:konami #search:tate>cw #lang:en #unlicensed:bootleg #mamerom:hustler>billiard,cd72d587932237eca56d0fc0e1920590,82500d96eb3ef08f3b3d623a12fc08c5f50b8a5b,e545d30ce98c7fea15dc35d2a395d76d39f5895269639bf7097aee54ea770cfa,024f7e7bb6ea61b5b63cddf9cb453aea3f8ec9f23996681226c58effa0e50ec41d8bbbe2937ee8ce4b70a4fd8e2e29df7b00c27e435561fb1a5bc2cfbfe9018f
