Screen title @ Exact,ID,Region,Release date,Developer,Publisher,Tags,MAME filename,MD5,SHA1,SHA256,SHA512
10-Yard Fight,10tardfight,Japan,1983,Irem,Irem,#input:joystick>8:buttons>2 #players:2:alt #genre:sports>football #arcadeboard:irem>m58,10yardj.zip|10yard.zip,00ab742631103ea5becb8891c004bdac,e16ecbca6e0a8e7b6f593844bc81336cf682a8f4,7d8640b565e84f75b241cc31bcf8ef868497b6e173bed1b9d28d487be3902aff,dccb3dda403cd41b9377ca74bec4bdd2d500f2df8e2c40135370fe251b8b6d37d716446ca11b6648d6040798eae8ec2679c46f608aa8085e1656a20bdbc297d1
10-Yard Fight '85,10tardfight,USA,1985,Taito/Irem,Irem,#input:joystick>8:buttons>2 #players:2:alt #genre:sports>football #arcadeboard:irem>m58,10yard85.zip|10yard.zip,00ab742631103ea5becb8891c004bdac,e16ecbca6e0a8e7b6f593844bc81336cf682a8f4,7d8640b565e84f75b241cc31bcf8ef868497b6e173bed1b9d28d487be3902aff,dccb3dda403cd41b9377ca74bec4bdd2d500f2df8e2c40135370fe251b8b6d37d716446ca11b6648d6040798eae8ec2679c46f608aa8085e1656a20bdbc297d1
10-Yard Fight,10tardfight,World,1983,Irem,Irem,#input:joystick>8:buttons>2 #players:2:alt #genre:sports>football #arcadeboard:irem>m58 #set:1 #mameparent,10yard.zip,00ab742631103ea5becb8891c004bdac,e16ecbca6e0a8e7b6f593844bc81336cf682a8f4,7d8640b565e84f75b241cc31bcf8ef868497b6e173bed1b9d28d487be3902aff,dccb3dda403cd41b9377ca74bec4bdd2d500f2df8e2c40135370fe251b8b6d37d716446ca11b6648d6040798eae8ec2679c46f608aa8085e1656a20bdbc297d1
Vs 10-Yard Fight,10tardfight,Japan,1984,Irem,Irem,#input:joystick>8:buttons>2 #players:2:vs #genre:sports>football #arcadeboard:irem>m58,vs10yardj.zip|10yard.zip,00ab742631103ea5becb8891c004bdac,e16ecbca6e0a8e7b6f593844bc81336cf682a8f4,7d8640b565e84f75b241cc31bcf8ef868497b6e173bed1b9d28d487be3902aff,dccb3dda403cd41b9377ca74bec4bdd2d500f2df8e2c40135370fe251b8b6d37d716446ca11b6648d6040798eae8ec2679c46f608aa8085e1656a20bdbc297d1
Vs 10-Yard Fight,10tardfight,USA,1984,Taito/Irem,Irem,#input:joystick>8:buttons>2 #players:2:vs #genre:sports>football #arcadeboard:irem>m58,vs10yardu.zip|10yard.zip,00ab742631103ea5becb8891c004bdac,e16ecbca6e0a8e7b6f593844bc81336cf682a8f4,7d8640b565e84f75b241cc31bcf8ef868497b6e173bed1b9d28d487be3902aff,dccb3dda403cd41b9377ca74bec4bdd2d500f2df8e2c40135370fe251b8b6d37d716446ca11b6648d6040798eae8ec2679c46f608aa8085e1656a20bdbc297d1
Vs 10-Yard Fight,10tardfight,World,1984-05-11,Irem,Irem,#input:joystick>8:buttons>2 #players:2:vs #genre:sports>football #arcadeboard:irem>m58,vs10yard.zip|10yard.zip,00ab742631103ea5becb8891c004bdac,e16ecbca6e0a8e7b6f593844bc81336cf682a8f4,7d8640b565e84f75b241cc31bcf8ef868497b6e173bed1b9d28d487be3902aff,dccb3dda403cd41b9377ca74bec4bdd2d500f2df8e2c40135370fe251b8b6d37d716446ca11b6648d6040798eae8ec2679c46f608aa8085e1656a20bdbc297d1
Air Duel,airduel,Japan,1990,Irem,Irem,#input:joystick>8:buttons>2 #players:2:coop #search:tate>ccw #genre:shmup>v #arcadeboard:irem>m72,airdueljm72.zip|airduel.zip,9e5749088be219892db0f1f1bcb34b50,11c83be6aef667730abc58a3f11e3d843d20ff0d,c97cfccb86dc94274538c8a3ce167f20758de5b0f1d7ef091284e1036839c06a,3a012fd68aaa225b1b9dde574eed87fefa49009f063a6c58909e54a5298824d97ff72cd03e4bb52ed8d8887adbf34e008265a62efa37dee3807f687c8e514d0f
Air Duel,airduel,USA,1990,Irem,Irem,#input:joystick>8:buttons>2 #players:2:coop #search:tate>ccw #genre:shmup>v #arcadeboard:irem>m82,airduelu.zip|airduel.zip,9e5749088be219892db0f1f1bcb34b50,11c83be6aef667730abc58a3f11e3d843d20ff0d,c97cfccb86dc94274538c8a3ce167f20758de5b0f1d7ef091284e1036839c06a,3a012fd68aaa225b1b9dde574eed87fefa49009f063a6c58909e54a5298824d97ff72cd03e4bb52ed8d8887adbf34e008265a62efa37dee3807f687c8e514d0f
Air Duel,airduel,World,1990,Irem,Irem,#input:joystick>8:buttons>2 #players:2:coop #search:tate>ccw #genre:shmup>v #arcadeboard:irem>m72,airduelm72.zip|airduel.zip,9e5749088be219892db0f1f1bcb34b50,11c83be6aef667730abc58a3f11e3d843d20ff0d,c97cfccb86dc94274538c8a3ce167f20758de5b0f1d7ef091284e1036839c06a,3a012fd68aaa225b1b9dde574eed87fefa49009f063a6c58909e54a5298824d97ff72cd03e4bb52ed8d8887adbf34e008265a62efa37dee3807f687c8e514d0f
Air Duel,airduel,World,1990,Irem,Irem,#input:joystick>8:buttons>2 #players:2:coop #search:tate>ccw #genre:shmup>v #arcadeboard:irem>m82 #mameparent,airduel.zip,9e5749088be219892db0f1f1bcb34b50,11c83be6aef667730abc58a3f11e3d843d20ff0d,c97cfccb86dc94274538c8a3ce167f20758de5b0f1d7ef091284e1036839c06a,3a012fd68aaa225b1b9dde574eed87fefa49009f063a6c58909e54a5298824d97ff72cd03e4bb52ed8d8887adbf34e008265a62efa37dee3807f687c8e514d0f
Andromeda SS,andromedass,Japan,1980,Irem,Irem,#input:joystick>2h:buttons>1 #players:2:alt #search:tate>ccw #genre:shmup #arcadeboard:irem>m10 #mameparent,andromed.zip,2caa83e70db3c2319464fa4ef9c8dbd4,bfef8e1131259c250f60773466f0d1690631d591,5e8224e54082f5851022c4c23fd9217b058d7de86af297f0eb9941bf92e5b854,916752ed11752112df9b943260990e8e137a78cb8ae902d2571334d4957b56d4cbf65e0f3b9d242127308430ed5f71922bc7dc29ae4d6a06cfa7914b7dd47d64
Cross Blades!,crossblades,Japan,1991,Irem,Irem,#input:joystick>8:buttons>2 #players:2:coop #genre:brawler #arcadeboard:irem>m92,crossbld.zip|bmaster.zip,29b4207d5529ca5c490277552ef23ab1,8660fdccab213d7ffe0f0b1e3c9268b9e7e37682,2413f73f62b02ad30642ecec9bd783fcd38cb8f399e84c2458d45d167c42536d,4e377056867c923246db163dc83cc77e34f8e41c10cafe36ff85960ff3078bc848d73ce1b30e99f809ec45533187bbbc97e79852ab7e5a6c3b3a46242868c365
Blade Master,crossblades,World,1991,Irem,Irem,#input:joystick>8:buttons>2 #players:2:coop #genre:brawler #arcadeboard:irem>m92 #mameparent,bmaster.zip,29b4207d5529ca5c490277552ef23ab1,8660fdccab213d7ffe0f0b1e3c9268b9e7e37682,2413f73f62b02ad30642ecec9bd783fcd38cb8f399e84c2458d45d167c42536d,4e377056867c923246db163dc83cc77e34f8e41c10cafe36ff85960ff3078bc848d73ce1b30e99f809ec45533187bbbc97e79852ab7e5a6c3b3a46242868c365
Bomber Man,bomberman,Japan,1991,Irem/Hudson,Irem,#input:joystick>8:buttons>2 #players:4:vs #genre:action>maze #arcadeboard:irem>m90,bombrman.zip|dynablst.zip,adfed05882a037c646d8f19e519836d0,122493488be8afb68616185f4cb49fecd45190b0,4892e52ac674c5bdb7a088be557cadfe9692976b2c1f279d2495c5c0e4f27a76,61d5bf3e2de8e29ceb41b658c8034da7cb57216014f4ff2cc254bbc7e3838377860b9fa3e41ae5b829eaa27ffd02d65c89267cf28038a892e378cb5b1db8f077
Atomic Punk,bomberman,USA,1991,Irem/Hudson,Irem,#input:joystick>8:buttons>2 #players:4:vs #genre:action>maze #arcadeboard:irem>m90,atompunk.zip|dynablst.zip,adfed05882a037c646d8f19e519836d0,122493488be8afb68616185f4cb49fecd45190b0,4892e52ac674c5bdb7a088be557cadfe9692976b2c1f279d2495c5c0e4f27a76,61d5bf3e2de8e29ceb41b658c8034da7cb57216014f4ff2cc254bbc7e3838377860b9fa3e41ae5b829eaa27ffd02d65c89267cf28038a892e378cb5b1db8f077
Dynablaster,bomberman,World,1991,Irem/Hudson,Irem,#input:joystick>8:buttons>2 #players:4:vs #genre:action>maze #arcadeboard:irem>m90 #mameparent,dynablst.zip,adfed05882a037c646d8f19e519836d0,122493488be8afb68616185f4cb49fecd45190b0,4892e52ac674c5bdb7a088be557cadfe9692976b2c1f279d2495c5c0e4f27a76,61d5bf3e2de8e29ceb41b658c8034da7cb57216014f4ff2cc254bbc7e3838377860b9fa3e41ae5b829eaa27ffd02d65c89267cf28038a892e378cb5b1db8f077
Bomber Man World,bombermanworld,Japan,1991,Irem/Hudson,Irem,#input:joystick>8:buttons>2 #players:4:vs #genre:action>maze #arcadeboard:irem>m97,bbmanwj.zip|bbmanw.zip,fc1b24e262e15225b3ec82c59b8476d3,d5649e5f7430a63d4b5c7818a84833338ed241e8,882cb2d11f965ae98d07059a9eb3ec5b7203d647a416ffa067cb739cefba1705,39f9c5fae1c4620a0b3582f5094bac6c949bfe6e481235498fc5ca8ca44e7fbbd524a1368c7c8785fedb3bd752e1bd75f1d5ed0a6097f3ea1964fde7806e39ba
Bomber Man World,bombermanworld,Japan,1991,Irem/Hudson,Irem,#input:joystick>8:buttons>2 #players:4:vs #genre:action>maze #arcadeboard:irem>m97,bbmanwja.zip|bbmanw.zip,fc1b24e262e15225b3ec82c59b8476d3,d5649e5f7430a63d4b5c7818a84833338ed241e8,882cb2d11f965ae98d07059a9eb3ec5b7203d647a416ffa067cb739cefba1705,39f9c5fae1c4620a0b3582f5094bac6c949bfe6e481235498fc5ca8ca44e7fbbd524a1368c7c8785fedb3bd752e1bd75f1d5ed0a6097f3ea1964fde7806e39ba
Bomber Man World,bombermanworld,World,1991,Irem/Hudson,Irem,#input:joystick>8:buttons>2 #players:4:vs #genre:action>maze #arcadeboard:irem>m97 #mameparent,bbmanw.zip,fc1b24e262e15225b3ec82c59b8476d3,d5649e5f7430a63d4b5c7818a84833338ed241e8,882cb2d11f965ae98d07059a9eb3ec5b7203d647a416ffa067cb739cefba1705,39f9c5fae1c4620a0b3582f5094bac6c949bfe6e481235498fc5ca8ca44e7fbbd524a1368c7c8785fedb3bd752e1bd75f1d5ed0a6097f3ea1964fde7806e39ba
New Atomic Punk: Global Quest,bombermanworld,USA,1991,Irem/Hudson,Irem,#input:joystick>8:buttons>2 #players:4:vs #genre:action>maze #arcadeboard:irem>m97,newapunk.zip|bbmanw.zip,fc1b24e262e15225b3ec82c59b8476d3,d5649e5f7430a63d4b5c7818a84833338ed241e8,882cb2d11f965ae98d07059a9eb3ec5b7203d647a416ffa067cb739cefba1705,39f9c5fae1c4620a0b3582f5094bac6c949bfe6e481235498fc5ca8ca44e7fbbd524a1368c7c8785fedb3bd752e1bd75f1d5ed0a6097f3ea1964fde7806e39ba
Bomber Lord,bombermanworld,World,1992,Irem/Hudson,Irem,#input:joystick>8:buttons>2 #players:4:vs #genre:action>maze #arcadeboard:irem>m97 #unfinished:bootleg,bomblord.zip|bbmanw.zip,fc1b24e262e15225b3ec82c59b8476d3,d5649e5f7430a63d4b5c7818a84833338ed241e8,882cb2d11f965ae98d07059a9eb3ec5b7203d647a416ffa067cb739cefba1705,39f9c5fae1c4620a0b3582f5094bac6c949bfe6e481235498fc5ca8ca44e7fbbd524a1368c7c8785fedb3bd752e1bd75f1d5ed0a6097f3ea1964fde7806e39ba
Demoneye-X,demoneyex,Japan,1981,Irem,Irem,#input:buttons>3 #players:2:alt #search:tate>ccw #genre:shmup #arcadeboard:irem>m27 #mameparent,demoneye.zip,3dd29a6a05424a3ade086e944b9f00ad,730127f512859a0d6f1389b723beaa33679556ac,d6578afb7c7a39bada4b99eadb1eef6aa0ccf9ea1008a177afbedd562f685a71,175afc8c63a8eaf1e9552b1bdc165bd586127db7f034578017cd363fc5cb02cda5f360ada47f17a25da93353d606ff5b844d5877ebb929732760dd10f92d845d
Dice: The Dice Game!,dicethedicegame,Japan,1991,Irem,Irem,#input:joystick>8:buttons>2 #players:2:alt #genre:action>maze #arcadeboard:irem>m90 #unlicensed:bootleg #lang:ja #mameparent,dicegame.zip,a759a5f0b334b8e844868ddceae43354,94ba2e5cc9acea149431be39992547e1d3915dd8,12c13e0b560bd6af9931e8b1172d7ca8e2031cb6b139e7e88023778805105553,5ddb3028766cbb4911fe7e8f9c383d8d7e01edbb8be2e2cb629e9cadd1cbc3aa04c6f4308e9664774eb3c9415d6f6ff9cc56e9a0cabf31f720611b02b4a332cf
Dragon Breed,dragonbreed,Japan,1989,Irem,Irem,#input:joystick>8:buttons>2 #players:2:alt #genre:shmup>h #arcadeboard:irem>m72,dbreedjm72.zip|dbreed.zip,c6839ab702671f8897d75fa0bedac067,6c8cc6c60f56702e86d4d2f9278bd020d6b5622c,36fbd2fbedb3136c7dc3a5c28f0ecb66917ec619fc978a3f80bbab2c39faf223,2b40dc726ac52f30affa2f4155cd086b7e98bb1cf42dc8cebfe66f3f210b6d110b5675dddb9c83eaf70dc7b76bf81b8adbca009c4d76ab22f8d9a76fde0e2bb2
Dragon Breed,dragonbreed,World,1989,Irem,Irem,#input:joystick>8:buttons>2 #players:2:alt #genre:shmup>h #arcadeboard:irem>m72,dbreedm72.zip|dbreed.zip,c6839ab702671f8897d75fa0bedac067,6c8cc6c60f56702e86d4d2f9278bd020d6b5622c,36fbd2fbedb3136c7dc3a5c28f0ecb66917ec619fc978a3f80bbab2c39faf223,2b40dc726ac52f30affa2f4155cd086b7e98bb1cf42dc8cebfe66f3f210b6d110b5675dddb9c83eaf70dc7b76bf81b8adbca009c4d76ab22f8d9a76fde0e2bb2
Dragon Breed,dragonbreed,World,1989,Irem,Irem,#input:joystick>8:buttons>2 #players:2:alt #genre:shmup>h #arcadeboard:irem>m81 #mameparent,dbreed.zip,c6839ab702671f8897d75fa0bedac067,6c8cc6c60f56702e86d4d2f9278bd020d6b5622c,36fbd2fbedb3136c7dc3a5c28f0ecb66917ec619fc978a3f80bbab2c39faf223,2b40dc726ac52f30affa2f4155cd086b7e98bb1cf42dc8cebfe66f3f210b6d110b5675dddb9c83eaf70dc7b76bf81b8adbca009c4d76ab22f8d9a76fde0e2bb2
Dream Soccer '94,dreamsoccer94,Japan,1994,Irem,Irem,#input:joystick>8:buttons>2 #players:2:vs #genre:sports>soccer #arcadeboard:irem>m92,dsoccr94j.zip|dsoccr94.zip,daa8246ff107c255ba3316dc1580246e,bce41365368fa5960bd204f65ca50e4ccb655268,a1bd847ea9f8bbeea0899b3900e0cce5ec05e5efd9c1a9d96e3e40eb3e7843c2,38a8f3c9755404aabffd36e90d8b1b043898b872dffd804cd7df7c006a74581cee81da833f2486ef026171ab3cf3139d27c843ebd5f951006520e2849f3d34d0
Dream Soccer '94,dreamsoccer94,South Korea,1994,Irem,Irem,#input:joystick>8:buttons>2 #players:2:vs #genre:sports>soccer #arcadeboard:irem>m107,dsoccr94k.zip|dsoccr94.zip,daa8246ff107c255ba3316dc1580246e,bce41365368fa5960bd204f65ca50e4ccb655268,a1bd847ea9f8bbeea0899b3900e0cce5ec05e5efd9c1a9d96e3e40eb3e7843c2,38a8f3c9755404aabffd36e90d8b1b043898b872dffd804cd7df7c006a74581cee81da833f2486ef026171ab3cf3139d27c843ebd5f951006520e2849f3d34d0
Dream Soccer '94,dreamsoccer94,World,1994,Irem,Irem,#input:joystick>8:buttons>2 #players:2:vs #genre:sports>soccer #arcadeboard:irem>m107 #mameparent,dsoccr94.zip,daa8246ff107c255ba3316dc1580246e,bce41365368fa5960bd204f65ca50e4ccb655268,a1bd847ea9f8bbeea0899b3900e0cce5ec05e5efd9c1a9d96e3e40eb3e7843c2,38a8f3c9755404aabffd36e90d8b1b043898b872dffd804cd7df7c006a74581cee81da833f2486ef026171ab3cf3139d27c843ebd5f951006520e2849f3d34d0
Daiku no Gen-san@大工の源さん,daikunogensan,Japan,1990,Irem,Irem,#input:joystick>8:buttons>2 #players:2:alt #genre:action>hackandslash>platformer #arcadeboard:irem>m72,dkgensanm72.zip|hharry.zip,beada27ecf67148477a56c58e3830957,5a3a4c0c55c8faf6eb12e8259af17265b501163b,59eb80d9b3d45665feb18678b35e346134c1f74c14948ee2723377fdba18f9f4,8e239de10a3f84e60dc520146d14c290a99e61f6711f4e4cfa41b49ae7bb037d3f2dc74c97b26d8aba15abf1e53d82b2c053eaf353f9d0afb003200c559e0de8
Daiku no Gen-san@大工の源さん,daikunogensan,Japan,1990,Irem,Irem,#input:joystick>8:buttons>2 #players:2:alt #genre:action>hackandslash>platformer #arcadeboard:irem>m82,dkgensanm82.zip|hharry.zip,beada27ecf67148477a56c58e3830957,5a3a4c0c55c8faf6eb12e8259af17265b501163b,59eb80d9b3d45665feb18678b35e346134c1f74c14948ee2723377fdba18f9f4,8e239de10a3f84e60dc520146d14c290a99e61f6711f4e4cfa41b49ae7bb037d3f2dc74c97b26d8aba15abf1e53d82b2c053eaf353f9d0afb003200c559e0de8
Daiku no Gen-san@大工の源さん,daikunogensan,Japan,1990,Irem,Irem,#input:joystick>8:buttons>2 #players:2:alt #genre:action>hackandslash>platformer #arcadeboard:irem>m84,dkgensan.zip|hharry.zip,beada27ecf67148477a56c58e3830957,5a3a4c0c55c8faf6eb12e8259af17265b501163b,59eb80d9b3d45665feb18678b35e346134c1f74c14948ee2723377fdba18f9f4,8e239de10a3f84e60dc520146d14c290a99e61f6711f4e4cfa41b49ae7bb037d3f2dc74c97b26d8aba15abf1e53d82b2c053eaf353f9d0afb003200c559e0de8
Hammerin' Harry,daikunogensan,USA,1990,Irem,Irem,#input:joystick>8:buttons>2 #players:2:alt #genre:action>hackandslash>platformer #arcadeboard:irem>m84,hharryu.zip|hharry.zip,beada27ecf67148477a56c58e3830957,5a3a4c0c55c8faf6eb12e8259af17265b501163b,59eb80d9b3d45665feb18678b35e346134c1f74c14948ee2723377fdba18f9f4,8e239de10a3f84e60dc520146d14c290a99e61f6711f4e4cfa41b49ae7bb037d3f2dc74c97b26d8aba15abf1e53d82b2c053eaf353f9d0afb003200c559e0de8
Hammerin' Harry,daikunogensan,World,1990,Irem,Irem,#input:joystick>8:buttons>2 #players:2:alt #genre:action>hackandslash>platformer #arcadeboard:irem>m81 #mameparent,hharry.zip,beada27ecf67148477a56c58e3830957,5a3a4c0c55c8faf6eb12e8259af17265b501163b,59eb80d9b3d45665feb18678b35e346134c1f74c14948ee2723377fdba18f9f4,8e239de10a3f84e60dc520146d14c290a99e61f6711f4e4cfa41b49ae7bb037d3f2dc74c97b26d8aba15abf1e53d82b2c053eaf353f9d0afb003200c559e0de8
Fire Barrel,firebarrel,Japan,1993,Irem,Irem,#input:joystick>8:buttons>3 #players:2:coop #search:tate>ccw #genre:shmup>v #arcadeboard:irem>m107,firebarr.zip|airass.zip,beb36fd02826c636dd9cbf234ac63715,0ce0a52c4545989af3c089fc7857319056e407c3,7cf9c13129195acd1fe07c3e45c02fe3233a156297f50dea37af2e92b6a8e61c,60f49e4e846706978f7c672d42bfb7d39f8a4a78d73b5966a6eb40b8c5a35ff5ad73246cd0ef786e66860e2f318ff31cb4bb7729c3580c23adc64d2f7a292b88 
Air Assault,firebarrel,World,1993,Irem,Irem,#input:joystick>8:buttons>3 #players:2:coop #search:tate>ccw #genre:shmup>v #arcadeboard:irem>m107 #mameparent,airass.zip,beb36fd02826c636dd9cbf234ac63715,0ce0a52c4545989af3c089fc7857319056e407c3,7cf9c13129195acd1fe07c3e45c02fe3233a156297f50dea37af2e92b6a8e61c,60f49e4e846706978f7c672d42bfb7d39f8a4a78d73b5966a6eb40b8c5a35ff5ad73246cd0ef786e66860e2f318ff31cb4bb7729c3580c23adc64d2f7a292b88 
Gallop: Armed Police Unit@Armed Police Unit: Gallop,gallop,Japan,1991,Irem,Irem,#input:joystick>8:buttons>2 #players:1 #genre:shmup>h #arcadeboard:irem>m72,gallopm72.zip|cosmccop.zip,bc64907194abc6c88491665bb2238002,edd5acb75620aaa870c96226594db72f315fc7f8,ecf15cd604715ba153e1a59dcb8abb745be21fff659c014d909d8e8f81f49e1d,81a36adb46d06ed7a0170fa97448b3fe1dab6acb8b49c4b8feda504ca1344953328b6ac6f1dfaf9164aeaec6657530165e6d1de1ac1aebbbbea7986fe1a053a7
Gallop: Armed Police Unit@Armed Police Unit: Gallop,gallop,Japan,1991,Irem,Irem,#input:joystick>8:buttons>4 #players:2:alt #genre:shmup>h #arcadeboard:irem>m84,gallop.zip|cosmccop.zip,bc64907194abc6c88491665bb2238002,edd5acb75620aaa870c96226594db72f315fc7f8,ecf15cd604715ba153e1a59dcb8abb745be21fff659c014d909d8e8f81f49e1d,81a36adb46d06ed7a0170fa97448b3fe1dab6acb8b49c4b8feda504ca1344953328b6ac6f1dfaf9164aeaec6657530165e6d1de1ac1aebbbbea7986fe1a053a7
Cosmic Cop,gallop,World,1991,Irem,Irem,#input:joystick>8:buttons>4 #players:2:alt #genre:shmup>h #arcadeboard:irem>m72 #mameparent,cosmccop.zip,bc64907194abc6c88491665bb2238002,edd5acb75620aaa870c96226594db72f315fc7f8,ecf15cd604715ba153e1a59dcb8abb745be21fff659c014d909d8e8f81f49e1d,81a36adb46d06ed7a0170fa97448b3fe1dab6acb8b49c4b8feda504ca1344953328b6ac6f1dfaf9164aeaec6657530165e6d1de1ac1aebbbbea7986fe1a053a7
Geo Storm,geostorm,Japan,1994,Irem,Irem,#input:joystick>8:buttons>2 #players:2:coop #genre:action>runandgun #arcadeboard:irem>m92,geostorm.zip|gunforc2.zip,d320b2b9c3095040ad2480980177a066,b397cde60d002db610976e8fec7d5270daa7a47e,66463de925edcfdd27a9b266d3003e692f4a5c7b84ffc65da71be86e18d52ced,b355bd59e495ebe127cb4f5ad6db4e5a1ae0777ae9af83e61263b6a8fe01f9fe27a846bbc453ab7cabd9fc036e952585a8d371e7fd802422f7e09fbea52555e5
Geo Storm,geostorm,Japan,1994,Irem,Irem,#input:joystick>8:buttons>2 #players:2:coop #genre:action>runandgun #arcadeboard:irem>m92,geostorma.zip|gunforc2.zip,d320b2b9c3095040ad2480980177a066,b397cde60d002db610976e8fec7d5270daa7a47e,66463de925edcfdd27a9b266d3003e692f4a5c7b84ffc65da71be86e18d52ced,b355bd59e495ebe127cb4f5ad6db4e5a1ae0777ae9af83e61263b6a8fe01f9fe27a846bbc453ab7cabd9fc036e952585a8d371e7fd802422f7e09fbea52555e5
Gun Force II,geostorm,USA,1994,Irem,Irem,#input:joystick>8:buttons>2 #players:2:coop #genre:action>runandgun #arcadeboard:irem>m92 #mameparent,gunforc2.zip,d320b2b9c3095040ad2480980177a066,b397cde60d002db610976e8fec7d5270daa7a47e,66463de925edcfdd27a9b266d3003e692f4a5c7b84ffc65da71be86e18d52ced,b355bd59e495ebe127cb4f5ad6db4e5a1ae0777ae9af83e61263b6a8fe01f9fe27a846bbc453ab7cabd9fc036e952585a8d371e7fd802422f7e09fbea52555e5
Ginga Teikoku no Gyakushū@怪獣帝国の逆襲,gingateikokunogyakushuu,Japan,1980,Irem,Irem,#input:joystick>2h:buttons>1 #players:2:alt #search:tate>cw #genre:shmup #arcadeboard:irem #mameparent,gteikoku.zip|uniwars.zip,b69cdb1b4c9bb798939f6e1a34b0d7c8,66790d138c62cc5dc677b90f9b5e80403890dea4,fb822548a4c0cbf38429017faf2a48e5a9e82219bb25c7dfd3c87ee33e371f15,35cf92820e1c7c9e6c11f0184ea231934f5a83403bffa5d9a0e24ee9a17139d1f30cf6b91b1c21ca8b40090aaf1c1642bf518710a1934382343628451ea5c17a
UniWar S,gingateikokunogyakushuu,World,1980,Irem,Irem,#input:joystick>2h:buttons>1 #players:2:alt #search:tate>cw #genre:shmup #arcadeboard:irem #mameparent,uniwars.zip,b69cdb1b4c9bb798939f6e1a34b0d7c8,66790d138c62cc5dc677b90f9b5e80403890dea4,fb822548a4c0cbf38429017faf2a48e5a9e82219bb25c7dfd3c87ee33e371f15,35cf92820e1c7c9e6c11f0184ea231934f5a83403bffa5d9a0e24ee9a17139d1f30cf6b91b1c21ca8b40090aaf1c1642bf518710a1934382343628451ea5c17a
Multi Wars,gingateikokunogyakushuu,World,1980,Gayton Games/Irem,Irem,#input:joystick>2h:buttons>1 #players:2:alt #search:tate>cw #genre:shmup #arcadeboard:irem #unlicensed:bootleg #lang:es,asideral.zip|uniwars.zip,b69cdb1b4c9bb798939f6e1a34b0d7c8,66790d138c62cc5dc677b90f9b5e80403890dea4,fb822548a4c0cbf38429017faf2a48e5a9e82219bb25c7dfd3c87ee33e371f15,35cf92820e1c7c9e6c11f0184ea231934f5a83403bffa5d9a0e24ee9a17139d1f30cf6b91b1c21ca8b40090aaf1c1642bf518710a1934382343628451ea5c17a
Ataque Sideral,gingateikokunogyakushuu,Spain,1980,Electrogame/Irem,Irem,#input:joystick>2h:buttons>1 #players:2:alt #search:tate>cw #genre:shmup #arcadeboard:irem #unlicensed:bootleg #lang:es,asideral.zip|uniwars.zip,b69cdb1b4c9bb798939f6e1a34b0d7c8,66790d138c62cc5dc677b90f9b5e80403890dea4,fb822548a4c0cbf38429017faf2a48e5a9e82219bb25c7dfd3c87ee33e371f15,35cf92820e1c7c9e6c11f0184ea231934f5a83403bffa5d9a0e24ee9a17139d1f30cf6b91b1c21ca8b40090aaf1c1642bf518710a1934382343628451ea5c17a
Galaxy Empire,gingateikokunogyakushuu,World,1980,Taito do Brasil/Irem,Irem,#input:joystick>2h:buttons>1 #players:2:alt #search:tate>cw #genre:shmup #arcadeboard:irem #unlicensed:bootleg #lang:es,galemp.zip|uniwars.zip,b69cdb1b4c9bb798939f6e1a34b0d7c8,66790d138c62cc5dc677b90f9b5e80403890dea4,fb822548a4c0cbf38429017faf2a48e5a9e82219bb25c7dfd3c87ee33e371f15,35cf92820e1c7c9e6c11f0184ea231934f5a83403bffa5d9a0e24ee9a17139d1f30cf6b91b1c21ca8b40090aaf1c1642bf518710a1934382343628451ea5c17a
Pájaro del Espacio,gingateikokunogyakushuu,Spain,1980,PSV/Irem,Irem,#input:joystick>2h:buttons>1 #players:2:alt #search:tate>cw #genre:shmup #arcadeboard:irem #unlicensed:bootleg #lang:es,pajaroes.zip|uniwars.zip,b69cdb1b4c9bb798939f6e1a34b0d7c8,66790d138c62cc5dc677b90f9b5e80403890dea4,fb822548a4c0cbf38429017faf2a48e5a9e82219bb25c7dfd3c87ee33e371f15,35cf92820e1c7c9e6c11f0184ea231934f5a83403bffa5d9a0e24ee9a17139d1f30cf6b91b1c21ca8b40090aaf1c1642bf518710a1934382343628451ea5c17a
Sky Raider,gingateikokunogyakushuu,World,1980,Irem,Irem,#input:joystick>2h:buttons>1 #players:2:alt #search:tate>cw #genre:shmup #arcadeboard:irem #unlicensed:bootleg,skyraidr.zip|uniwars.zip,b69cdb1b4c9bb798939f6e1a34b0d7c8,66790d138c62cc5dc677b90f9b5e80403890dea4,fb822548a4c0cbf38429017faf2a48e5a9e82219bb25c7dfd3c87ee33e371f15,35cf92820e1c7c9e6c11f0184ea231934f5a83403bffa5d9a0e24ee9a17139d1f30cf6b91b1c21ca8b40090aaf1c1642bf518710a1934382343628451ea5c17a
Space Battle,gingateikokunogyakushuu,World,1980,Irem,Irem,#input:joystick>2h:buttons>1 #players:2:alt #search:tate>cw #genre:shooting>gallery #arcadeboard:irem #unlicensed:bootleg #set:1,spacbatt.zip|uniwars.zip,b69cdb1b4c9bb798939f6e1a34b0d7c8,66790d138c62cc5dc677b90f9b5e80403890dea4,fb822548a4c0cbf38429017faf2a48e5a9e82219bb25c7dfd3c87ee33e371f15,35cf92820e1c7c9e6c11f0184ea231934f5a83403bffa5d9a0e24ee9a17139d1f30cf6b91b1c21ca8b40090aaf1c1642bf518710a1934382343628451ea5c17a
Space Battle,gingateikokunogyakushuu,World,1980,Irem,Irem,#input:joystick>2h:buttons>1 #players:2:alt #search:tate>cw #genre:shooting>gallery #arcadeboard:irem #unlicensed:bootleg #set:2,spacbat2.zip|uniwars.zip,b69cdb1b4c9bb798939f6e1a34b0d7c8,66790d138c62cc5dc677b90f9b5e80403890dea4,fb822548a4c0cbf38429017faf2a48e5a9e82219bb25c7dfd3c87ee33e371f15,35cf92820e1c7c9e6c11f0184ea231934f5a83403bffa5d9a0e24ee9a17139d1f30cf6b91b1c21ca8b40090aaf1c1642bf518710a1934382343628451ea5c17a
Space Empire,gingateikokunogyakushuu,World,1980,Irem,Irem,#input:joystick>2h:buttons>1 #players:2:alt #search:tate>cw #genre:shmup #arcadeboard:irem #unlicensed:bootleg,spacempr.zip||uniwars.zip,b69cdb1b4c9bb798939f6e1a34b0d7c8,66790d138c62cc5dc677b90f9b5e80403890dea4,fb822548a4c0cbf38429017faf2a48e5a9e82219bb25c7dfd3c87ee33e371f15,35cf92820e1c7c9e6c11f0184ea231934f5a83403bffa5d9a0e24ee9a17139d1f30cf6b91b1c21ca8b40090aaf1c1642bf518710a1934382343628451ea5c17a
Green Beret,greenberet,World,1980,Irem,Irem,#input:joystick>8:buttons>1 #players:2:alt #search:tate>ccw #genre:action>maze:shmup #arcadeboard:irem>m10 #mameparent,greenber.zip,69b742ea9112a68b287ee553195a0076,c1b0c267e0990d43f080861af78d3958a02c7677,c0ebb394664fc4d7f5d99b04612f302e908deaa720d0a10ced4e3d8a70855b15,e8295d7be531b9195da0ab305a220877d0bd95cc7c1d59b5cd0d1413d43f121200b2f398bb0c7dd4b071d5d97a4f0ec34f2c91492f7eaf4057a6eab16e31b6d2
Gun Force: Battle Fire Engulfed Terror Island,gunforcebfeti,Japan,1991,Irem,Irem,#input:joystick>8:buttons>2 #players:2:coop #genre:action>runandgun #arcadeboard:irem>m92,gunforcej.zip|gunforce.zip,11dd6ad2b811b2b802163b729318b793,7fab89338bbea2516f5c949ce86e71ae3751fb91,4d094a559f107aa8778f76afe0c62f2889e87b2ae546f99a67535a9151d4d515,bac6fe262e4e88f2c60e8437e619afd54f3d01f09bb86770d130e02d671b137c6488ce6b9cc604fca9fb707f85e39ce67d74eeb1be5f434450cb0b0b93a46398
Gun Force: Battle Fire Engulfed Terror Island,gunforcebfeti,USA,1991,Irem,Irem,#input:joystick>8:buttons>2 #players:2:coop #genre:action>runandgun #arcadeboard:irem>m92,gunforceu.zip|gunforce.zip,11dd6ad2b811b2b802163b729318b793,7fab89338bbea2516f5c949ce86e71ae3751fb91,4d094a559f107aa8778f76afe0c62f2889e87b2ae546f99a67535a9151d4d515,bac6fe262e4e88f2c60e8437e619afd54f3d01f09bb86770d130e02d671b137c6488ce6b9cc604fca9fb707f85e39ce67d74eeb1be5f434450cb0b0b93a46398
Gun Force: Battle Fire Engulfed Terror Island,gunforcebfeti,World,1991,Irem,Irem,#input:joystick>8:buttons>2 #players:2:coop #genre:action>runandgun #arcadeboard:irem>m92,gunforce.zip,11dd6ad2b811b2b802163b729318b793,7fab89338bbea2516f5c949ce86e71ae3751fb91,4d094a559f107aa8778f76afe0c62f2889e87b2ae546f99a67535a9151d4d515,bac6fe262e4e88f2c60e8437e619afd54f3d01f09bb86770d130e02d671b137c6488ce6b9cc604fca9fb707f85e39ce67d74eeb1be5f434450cb0b0b93a46398
Gussun Oyoyo@ぐっすん　およよ,gussunoyoyo,Japan,1993,Irem,Irem,#input:joystick>8:buttons>2 #players:2:coop #genre:puzzle #arcadeboard:irem>m97 #lang:ja,gussun.zip|riskchal.zip,80aab38dc86f68c976a03b9255b042e6,e015f15e1158d7231c41b49072d41faacbb0a7ab,d4bf6be24dd767238df38923348a373f55a5d7f627d11b234cab73cb685bb997,18326a3f5f25aeb2f545b7d8300b1d01d9b6faed467e32be9133329b0d513eafeaa37a388dbe82e14e42a4c1b1ea1a824b614d218aea08957b8133f700a2fafa
Risky Challenge,gussunoyoyo,World,1993,Irem,Irem,#input:joystick>8:buttons>2 #players:2:coop #genre:puzzle #arcadeboard:irem>m97 #mameparent,riskchal.zip,80aab38dc86f68c976a03b9255b042e6,e015f15e1158d7231c41b49072d41faacbb0a7ab,d4bf6be24dd767238df38923348a373f55a5d7f627d11b234cab73cb685bb997,18326a3f5f25aeb2f545b7d8300b1d01d9b6faed467e32be9133329b0d513eafeaa37a388dbe82e14e42a4c1b1ea1a824b614d218aea08957b8133f700a2fafa
Hasamu@覇沙夢 はさむ,hasamu,Japan,1991,Irem,Irem,#input:joystick>8:buttons>2 #players:2:alt #genre:puzzle #arcadeboard:irem>m90 #lang:ja #mameparent,hasamu.zip,ee5946c4a7fc2bce7b6602d044ebb923,1fa543596101a34cc4054c1cf713e8ca48fd257c,9669aca6d499a62884617c863fffa938c463b6f2e095f10719ae067e122726bf,49df5c1f7c05617b32d0e7d799a149fc1f6356a0ad8705a0508a0a95d8c9ed82fdb9410ece774ffe192456cb28851cb74bfdfb09efd41dcda714a92baf6c0116
Head On,headon,World,1979,Irem,Irem,#input:joystick>8:buttons>1 #players:2:alt #search:tate>ccw #genre:action>maze #arcadeboard:irem>m15 #mameparent,headoni.zip,0a38bd1c639c52e1abcdd629285cec36,3c0c213bcb89085ffa87dfa176d513cc49b75d42,23edebfbbf71b860cc7d456bf5a148c6db03bf565f1458a5ea7f4f81d6b6ac5f,e17e5acd772b7c4ae49fcc1b8c59e304fd1021e39278f1113ca22fb5fc6f1a7808cc8d04ac7bf7a385387a08e8f42978eff338b4002e2a16fcf0704a25ee66f2
Hook,hookac,Japan,1992,Irem,Irem,#input:joystick>8:buttons>2 #players:4:coop #genre:brawler #arcadeboard:irem>m92 #based:movie,hookj.zip|hook.zip,e0e085975c52a08580afcdbcd7e6f72f,0bdc060a9651693770f7a2c471c50e6808dea725,da5662c76ef92b1d2454432a59e761e973d78f3730724a356454c227de7fd64f,df7a78a93fe4baa648510cdbbdf9ff7d51df5945ae48afc645ab26e43032f2b801755ed7e55cef3d32af38353adc17df61eca722db182101e2dd646b926c7d93
Hook,hookac,USA,1992,Irem,Irem,#input:joystick>8:buttons>2 #players:4:coop #genre:brawler #arcadeboard:irem>m92 #based:movie,hooku.zip|hook.zip,e0e085975c52a08580afcdbcd7e6f72f,0bdc060a9651693770f7a2c471c50e6808dea725,da5662c76ef92b1d2454432a59e761e973d78f3730724a356454c227de7fd64f,df7a78a93fe4baa648510cdbbdf9ff7d51df5945ae48afc645ab26e43032f2b801755ed7e55cef3d32af38353adc17df61eca722db182101e2dd646b926c7d93
Hook,hookac,World,1992,Irem,Irem,#input:joystick>8:buttons>2 #players:4:coop #genre:brawler #arcadeboard:irem>m92 #based:movie #mameparent,hook.zip,e0e085975c52a08580afcdbcd7e6f72f,0bdc060a9651693770f7a2c471c50e6808dea725,da5662c76ef92b1d2454432a59e761e973d78f3730724a356454c227de7fd64f,df7a78a93fe4baa648510cdbbdf9ff7d51df5945ae48afc645ab26e43032f2b801755ed7e55cef3d32af38353adc17df61eca722db182101e2dd646b926c7d93
Horizon,horizon,World,1985,Irem,Irem,#input:joystick>8:buttons>2 #players:2:alt #genre:shmup>h #arcadeboard:irem>m62 #mameparent,horizon.zip,21b597c037ed916c56d254b5a92eabd6,203105e0414807b655f769de9c3c5e366ba09df5,829f464d54a4bebce63801f5bc6c58743b0cff5e474007903e29f8ac2173d525,3548217b1af345c88438de1f063114da08530a7ee29866c1431277c5a956a373f9f8a05268fb7d8d64b3906c0a29a46dad96bbd1b8715e1d3c9165ddf75fa3c4
ImageFight,imagefight,Japan,1988,Irem,Irem,#input:joystick>8:buttons>2 #players:2:coop #search:tate>ccw #genre:shmup>v #arcadeboard:irem>m72,imgfightj.zip|imgfight.zip,48e70e9236a03bf5cf1f836ff825761a,985f9b212811e101760942f129a994fc928ae541,3fdefd644b08d2c63edea3ae2479292073d25f6c21b0df86bbf9c0da5538420f,076926f0ee76bc27c370473e0d1adaf36f4ad2e8958aabdc95057fa28e68fa4190c7d71ac864ad47e9b36a50616492cd09d06845de3381bcc8baa8a3377f2416
ImageFight,imagefight,World,1988,Irem,Irem,#input:joystick>8:buttons>2 #players:2:coop #search:tate>ccw #genre:shmup>v #arcadeboard:irem>m72,imgfight.zip,48e70e9236a03bf5cf1f836ff825761a,985f9b212811e101760942f129a994fc928ae541,3fdefd644b08d2c63edea3ae2479292073d25f6c21b0df86bbf9c0da5538420f,076926f0ee76bc27c370473e0d1adaf36f4ad2e8958aabdc95057fa28e68fa4190c7d71ac864ad47e9b36a50616492cd09d06845de3381bcc8baa8a3377f2416
IPM Invader,ipminvader,World,1979,IPM,Irem,#input:joystick>2h:buttons>1 #players:2:alt #search:tate>ccw #genre:shmup #arcadeboard:irem>m10 #set:1 #mameparent,ipminvad.zip,b36efa1e94bed3e67bc6f3feead6a0ed,1387431cbe46bf61e666466a28e8670075535a66,4e255cab5223fb37ef46b720c5e5a7b5081441490d0740a50395d8d9498be60c,2dffd0b2276100e554096e777d084d2b4553e82bdfbc6f549ebe6802836b35bbf1e2a375a5579fc58991b0efe1e2ce2abd69f8eb6b5b77bf8950eb7ae1b1fc4d
IPM Invader,ipminvader,World,1979,IPM,Irem,#input:joystick>2h:buttons>1 #players:2:alt #search:tate>ccw #genre:shmup #arcadeboard:irem>m10 #set:2,ipminvad1.zip|ipminvad.zip,b36efa1e94bed3e67bc6f3feead6a0ed,1387431cbe46bf61e666466a28e8670075535a66,4e255cab5223fb37ef46b720c5e5a7b5081441490d0740a50395d8d9498be60c,2dffd0b2276100e554096e777d084d2b4553e82bdfbc6f549ebe6802836b35bbf1e2a375a5579fc58991b0efe1e2ce2abd69f8eb6b5b77bf8950eb7ae1b1fc4d
Kaiketsu Yanchamaru@快傑ヤンチャ丸,kaiketsuyanchamaru,Japan,1986,Irem,Irem,#input:joystick>8:buttons>2 #players:2:alt #genre:action>hackandslash #arcadeboard:irem>m62,yanchamr.zip|kidniki.zip,9c89f342bcb4757ea70072d470e92308,4427ce4440f4cbe952b92fc6365a12a0ad3df1aa,5df2a4a5da6c7d19aa96d954e5eb20d69dddd216b0702f5b815134326a5a38f7,efe6dbca7c7046ba85314b26526ed8b60ea80bcb948e22b47399c279bf33177ed316d602459af0e22885116fcfce414129e2e0bf7db12ce05f441fc3075a2257
Kid Niki: Radical Ninja,kaiketsuyanchamaru,USA,1986,Irem,Irem,#input:joystick>8:buttons>2 #players:2:alt #genre:action>hackandslash #arcadeboard:irem>m62,kidnikiu.zip|kidniki.zip,9c89f342bcb4757ea70072d470e92308,4427ce4440f4cbe952b92fc6365a12a0ad3df1aa,5df2a4a5da6c7d19aa96d954e5eb20d69dddd216b0702f5b815134326a5a38f7,efe6dbca7c7046ba85314b26526ed8b60ea80bcb948e22b47399c279bf33177ed316d602459af0e22885116fcfce414129e2e0bf7db12ce05f441fc3075a2257
Kid Niki: Radical Ninja,kaiketsuyanchamaru,World,1986,Irem,Irem,#input:joystick>8:buttons>2 #players:2:alt #genre:action>hackandslash #arcadeboard:irem>m62 #mameparent,kidniki.zip,9c89f342bcb4757ea70072d470e92308,4427ce4440f4cbe952b92fc6365a12a0ad3df1aa,5df2a4a5da6c7d19aa96d954e5eb20d69dddd216b0702f5b815134326a5a38f7,efe6dbca7c7046ba85314b26526ed8b60ea80bcb948e22b47399c279bf33177ed316d602459af0e22885116fcfce414129e2e0bf7db12ce05f441fc3075a2257
Little Hero,kaiketsuyanchamaru,World,1986,Irem,Irem,#input:joystick>8:buttons>2 #players:2:alt #genre:action>hackandslash #arcadeboard:irem>m62 #unlicensed:bootleg,lithero.zip|kidniki.zip,9c89f342bcb4757ea70072d470e92308,4427ce4440f4cbe952b92fc6365a12a0ad3df1aa,5df2a4a5da6c7d19aa96d954e5eb20d69dddd216b0702f5b815134326a5a38f7,efe6dbca7c7046ba85314b26526ed8b60ea80bcb948e22b47399c279bf33177ed316d602459af0e22885116fcfce414129e2e0bf7db12ce05f441fc3075a2257
Kaitei Daisensō@海底大戦争,kaiteidaisensou,Japan,1993,Irem,Irem,#input:joystick>8:buttons>2 #players:2:coop #genre:shmup>h #arcadeboard:irem>m92,kaiteids.zip|inthunt.zip,9bdbe1263018c6034a6ca8607dd0170f,4f051ee01d6cfbd9e0175baed6cdd44d02b527d6,f556806eef4fa2c9d3e3515d4825bc72f45c442605cf61e65ed2a8c82652131c,3fcf0f75691ee7de6134a543dbe676b46371877ee669b70435d5875eddc889287424c812eaeacb625ce99c3c8c8b07136a49015c2f8eaf406bff0deea1e1f790
In The Hunt,kaiteidaisensou,USA,1993,Irem,Irem,#input:joystick>8:buttons>2 #players:2:coop #genre:shmup>h #arcadeboard:irem>m92,inthuntu.zip|inthunt.zip,9bdbe1263018c6034a6ca8607dd0170f,4f051ee01d6cfbd9e0175baed6cdd44d02b527d6,f556806eef4fa2c9d3e3515d4825bc72f45c442605cf61e65ed2a8c82652131c,3fcf0f75691ee7de6134a543dbe676b46371877ee669b70435d5875eddc889287424c812eaeacb625ce99c3c8c8b07136a49015c2f8eaf406bff0deea1e1f790
In The Hunt,kaiteidaisensou,World,1993,Irem,Irem,#input:joystick>8:buttons>2 #players:2:coop #genre:shmup>h #arcadeboard:irem>m92 #mameparent,inthunt.zip,9bdbe1263018c6034a6ca8607dd0170f,4f051ee01d6cfbd9e0175baed6cdd44d02b527d6,f556806eef4fa2c9d3e3515d4825bc72f45c442605cf61e65ed2a8c82652131c,3fcf0f75691ee7de6134a543dbe676b46371877ee669b70435d5875eddc889287424c812eaeacb625ce99c3c8c8b07136a49015c2f8eaf406bff0deea1e1f790
Ken-Go@剣豪 Ken-Go,kengo,Japan,1991,Irem,Irem,#input:joystick>8:buttons>4 #players:2:coop #genre:action>hackandslash>platformer #arcadeboard:irem>m84,kengoj.zip|ltswords.zip,6c0d580c27c8c8024fc34e3a896a20cb,6f6e8c94dd9916ee602ab118234e7789e78fab4a,2066e1617a9012cb6e5ed21991c50404c4213d7f9d49f5828d86bb6057b5936a,e5460903ac1de49665eac0c41bd05b2c114bae1a2c555b4a20065ad81ee74b8af4fbc4896d9d9d695815d3335b38fe2c7c656959408ec5b60c9d8be8682380cb
Ken-Go@剣豪 Ken-Go,kengo,World,1991,Irem,Irem,#input:joystick>8:buttons>4 #players:2:coop #genre:action>hackandslash>platformer #arcadeboard:irem>m84,kengo.zip|ltswords.zip,6c0d580c27c8c8024fc34e3a896a20cb,6f6e8c94dd9916ee602ab118234e7789e78fab4a,2066e1617a9012cb6e5ed21991c50404c4213d7f9d49f5828d86bb6057b5936a,e5460903ac1de49665eac0c41bd05b2c114bae1a2c555b4a20065ad81ee74b8af4fbc4896d9d9d695815d3335b38fe2c7c656959408ec5b60c9d8be8682380cb
Lightning Swords,kengo,World,1991,Irem,Irem,#input:joystick>8:buttons>4 #players:2:coop #genre:action>hackandslash>platformer #arcadeboard:irem>m84 #mameparent,ltswords.zip,6c0d580c27c8c8024fc34e3a896a20cb,6f6e8c94dd9916ee602ab118234e7789e78fab4a,2066e1617a9012cb6e5ed21991c50404c4213d7f9d49f5828d86bb6057b5936a,e5460903ac1de49665eac0c41bd05b2c114bae1a2c555b4a20065ad81ee74b8af4fbc4896d9d9d695815d3335b38fe2c7c656959408ec5b60c9d8be8682380cb
Kick for the Goal,kickforthegoal,Japan,1994,Jaleco,Irem,#input:puncher #players:2:vs #genre:parlor>mechanical:sports>soccer #arcadeboard:irem>m107,kftgoal.zip|wpksoc.zip,ee35891e942fcb41ef3f9a69458ee342,05b7d45767b0d2f17aeb436f0595a12b1ec7b945,393c4008a32e12f6f1886830fd5f2186cd7a7a9c75366eeedba4efb382f7a232,7e80b653846c86c6a47d8814a0083fd1ff6d9829830da81f0a1e152eec6714f7bf00371df46d76f74f021c88648eec0f454a3a1bf696fa0141f4f345950e72ca
World PK Soccer,kickforthegoal,World,1995,Jaleco,Irem,#input:puncher #players:2:vs #genre:parlor>mechanical:sports>soccer #arcadeboard:irem>m107 #mameparent,wpksoc.zip,ee35891e942fcb41ef3f9a69458ee342,05b7d45767b0d2f17aeb436f0595a12b1ec7b945,393c4008a32e12f6f1886830fd5f2186cd7a7a9c75366eeedba4efb382f7a232,7e80b653846c86c6a47d8814a0083fd1ff6d9829830da81f0a1e152eec6714f7bf00371df46d76f74f021c88648eec0f454a3a1bf696fa0141f4f345950e72ca
Lode Runner,loderunner,World,1984,Irem/Brøderbund,Irem,#input:joystick>8:buttons>2 #players:2:alt #genre:action:puzzle #arcadeboard:irem>m62 #set:1 #mameparent,ldrun.zip,16ecf78873e7709893e92c1db3ad9d21,50bd3c2d719f520e204ef8dcf4aa8461f1426444,79fbd61b6a8c1c542e881867d3819245466ffc4714ead16b24718cdb9af97c35,8076530de1e9e3c298a8c04b3201b3c430898d18b9ce34ccfa0108e6645d4a7100538ca3ef9b105896c4d1c39252c43ad245db59a60549d8fa7714d3df92030d
Lode Runner,loderunner,World,1984,Irem/Brøderbund,Irem,#input:joystick>8:buttons>2 #players:2:alt #genre:action:puzzle #arcadeboard:irem>m62 #set:2,ldruna.zip|ldrun.zip,16ecf78873e7709893e92c1db3ad9d21,50bd3c2d719f520e204ef8dcf4aa8461f1426444,79fbd61b6a8c1c542e881867d3819245466ffc4714ead16b24718cdb9af97c35,8076530de1e9e3c298a8c04b3201b3c430898d18b9ce34ccfa0108e6645d4a7100538ca3ef9b105896c4d1c39252c43ad245db59a60549d8fa7714d3df92030d
Lode Runner: The Bungeling Strikes Back,loderunnertbsb,World,1984,Irem/Brøderbund,Irem,#input:joystick>8:buttons>2 #players:2:alt #genre:action:puzzle #arcadeboard:irem>m62 #mameparent,ldrun2.zip,f4bb2bc58f5d895e5ba7f2efeac78848,d4b3952b17850d886d49b421ae7e8be63760f7c7,2ccb74481f45527bc9417c4d456c1a64501774f03b1db25fc24a725bada9ce77,eaad63081d6c58d3f938cfd6c0506c966520cef347fe324e6b12cda87e40dce2ac74ac7dfcb27206abf6f51c944b43e1c92e6d0d7ae8cdba46d5fb40b0ecb0a2
Lode Runner: Majin no Fukkatsu@Lode Runner 摩神の復活,loderunnermnf,Japan,1985,Irem/Brøderbund,Irem,#input:joystick>8:buttons>2 #players:2:alt #genre:action:puzzle #arcadeboard:irem>m62,ldrun3j.zip|ldrun3.zip,386eb4f0de7839d9be971d9ceae511cf,f65d39c5a680634c9ace3e1c2ea9890249116b86,419e861af540d71e03b23220e37abd1ba3c6f8b7e1babe97d67811d47771870c,bc1cd3ba0525ff503ec44136251ac16253cec7a236de583a591ff11b2cd46100520c18b59b3e448a6a491998c7a2ad900abad219f9c980398b4bbf56484e57dd
Lode Runner: Golden Labyrinth,loderunnermnf,World,1985,Irem/Brøderbund,Irem,#input:joystick>8:buttons>2 #players:2:alt #genre:action:puzzle #arcadeboard:irem>m62 #mameparent,ldrun3.zip,386eb4f0de7839d9be971d9ceae511cf,f65d39c5a680634c9ace3e1c2ea9890249116b86,419e861af540d71e03b23220e37abd1ba3c6f8b7e1babe97d67811d47771870c,bc1cd3ba0525ff503ec44136251ac16253cec7a236de583a591ff11b2cd46100520c18b59b3e448a6a491998c7a2ad900abad219f9c980398b4bbf56484e57dd
Lode Runner: Teikoku Kara no Dasshutsu@Lode Runner IV 帝国からの脱出,loderunnertkd,Japan,1986,Irem/Brøderbund,Irem,#input:joystick>8:buttons>2 #players:2:coop #genre:action:puzzle #arcadeboard:irem>m62 #mameparent,ldrun4.zip,ea85b0a72da8ff60706c1e3ffe4353a1,e62797fafc77481f0cd5d991aa7a58abe7fec320,f2ed8540a6c6c021f19e9870e16b6be4e94a75f62e9085b6d65d30537bd42477,eb58f105051c75816dfb4687fc775a42c9a9d3d4f8381e2f23c7468d51a311b9709fd7ce0f0c41c6a4ef496a0e9831a2701cb7b855a6521e68c5147601e81ce8
Lot Lot,lotlot,World,1985,Irem,Irem,#input:joystick>8:buttons>2 #players:2:alt #genre:puzzle #arcadeboard:irem>m62 #mameparent,lotlot.zip,8767519dc795b0867fb1b1a03da665a1,e0636f7279c86eb8c4b95e14f2721d356dd424fa,455a00e71118601daeb4ce0307583316087133b2486b6606d63487ac2422a481,bf6e0b86cf7b24db51c2deaf879aed476aca8b605e10821540b6e6831c799b08c1c9c099637b3687d756a7428795195b92fc068d99416f14d9433b7de74e7dc8
Legend of Hero Tonma,legendofherotonma,Japan,1989,Irem,Irem,#input:joystick>8:buttons>2 #players:2:alt #genre:action>runandgun #arcadeboard:irem>m72,lohtj.zip|loht.zip,ee4be764ddfd0b1b3440dcf37ec602fe,500e734c3c80587735b6d9d4e190dce6a28c2e9f,d92a06c61a84914a10b1d4bbb465c7aefb05add8997580973b11e73ee77411ae,34c629e29ac688f9294cc63ee6605d64e3633859ca3c3ec199325dd17578b78446f260b25c692d3eccfc4056f0adb09ff88ce1be6b02a534c60c81360d2d67fa
Legend of Hero Tonma,legendofherotonma,World,1989,Irem,Irem,#input:joystick>8:buttons>2 #players:2:alt #genre:action>runandgun #arcadeboard:irem>m72 #mameparent,loht.zip,ee4be764ddfd0b1b3440dcf37ec602fe,500e734c3c80587735b6d9d4e190dce6a28c2e9f,d92a06c61a84914a10b1d4bbb465c7aefb05add8997580973b11e73ee77411ae,34c629e29ac688f9294cc63ee6605d64e3633859ca3c3ec199325dd17578b78446f260b25c692d3eccfc4056f0adb09ff88ce1be6b02a534c60c81360d2d67fa
Mahō Keibitai Gun Hooki@魔法警備隊ガンホーキ,mahoukeibitaigunhooki,Japan,1992,Irem,Irem,#input:joystick>8:buttons>2 #players:2:coop #genre:shmup>h #arcadeboard:irem>m92,gunhohki.zip|mysticri.zip,49ebf41a7a7cc39d5b63f01abfa4288d,f167685a50d4571e0531687877a307591c947061,74b05e28a5d03a14f6e80f81f651b948280b9c32cd2801c6ef0c56b76b9ecb31,02311052c9566b8feb048b050e354335fc642f973e27884f0f468a2f64c1c750be3d42fdebc4c9d3e4e08655263f142bf592dc90e3b06dd9c44b5964e0f53e6a
Mystic Riders,mahoukeibitaigunhooki,World,1992,Irem,Irem,#input:joystick>8:buttons>2 #players:2:coop #genre:shmup>h #arcadeboard:irem>m92 #mameparent,mysticri.zip,49ebf41a7a7cc39d5b63f01abfa4288d,f167685a50d4571e0531687877a307591c947061,74b05e28a5d03a14f6e80f81f651b948280b9c32cd2801c6ef0c56b76b9ecb31,02311052c9566b8feb048b050e354335fc642f973e27884f0f468a2f64c1c750be3d42fdebc4c9d3e4e08655263f142bf592dc90e3b06dd9c44b5964e0f53e6a
Major Title,majortitle,Japan,1990,Irem,Irem,#input:joystick>8:buttons>2 #players:2:vs #genre:sports>golf #arcadeboard:irem>m84,majtitlej.zip|majtitle.zip,7c6712a8c61d4206e0aa424d835288d6,736cf3518ca3c3e8b3f0edeaa7926a26a7e125f4,004110dae1e9d886b7a562b9dab52dd2ba928519aa0f38d897ed1f90032bda05,70f094488a6fdbc4a287c81a72882b6aaf4b6192de5ab3c7c42d6365e1ab418cbac607f397a2d58756e3043a738559f9578b607c15a609e8bef581bea4cb3798
Major Title,majortitle,World,1990,Irem,Irem,#input:joystick>8:buttons>2 #players:2:vs #genre:sports>golf #arcadeboard:irem>m84 #mameparent,majtitle.zip,7c6712a8c61d4206e0aa424d835288d6,736cf3518ca3c3e8b3f0edeaa7926a26a7e125f4,004110dae1e9d886b7a562b9dab52dd2ba928519aa0f38d897ed1f90032bda05,70f094488a6fdbc4a287c81a72882b6aaf4b6192de5ab3c7c42d6365e1ab418cbac607f397a2d58756e3043a738559f9578b607c15a609e8bef581bea4cb3798
Major Title 2: Tournament Leader,majortitle2,Japan,1992,Irem,Irem,#input:joystick>8:buttons>2 #players:4:vs #genre:sports>golf #arcadeboard:irem>m92,majtitl2j.zip|majtitl2.zip,a8ab4ac122219b7cc2434c7c7f1d58a1,d904772adb64d571e35fbc3a860b571ffcb356e2,baebae9ca93e8027bbe35155e60f0ea4c84ec1f51cb662408c4e95e10fcaab57,8eb5838ad3fc497bc729983f2a13da11d42f8c6511659e8db82a2583806ed0d342395f33b6d3f4250e209720f5f9ed48af71f2c76b6c978f3415d582d02eeca1
Major Title 2: Tournament Leader,majortitle2,World,1992,Irem,Irem,#input:joystick>8:buttons>2 #players:4:vs #genre:sports>golf #arcadeboard:irem>m92 #set:1 #mameparent,majtitl2.zip,a8ab4ac122219b7cc2434c7c7f1d58a1,d904772adb64d571e35fbc3a860b571ffcb356e2,baebae9ca93e8027bbe35155e60f0ea4c84ec1f51cb662408c4e95e10fcaab57,8eb5838ad3fc497bc729983f2a13da11d42f8c6511659e8db82a2583806ed0d342395f33b6d3f4250e209720f5f9ed48af71f2c76b6c978f3415d582d02eeca1
Major Title 2: Tournament Leader,majortitle2,World,1992,Irem,Irem,#input:joystick>8:buttons>2 #players:4:vs #genre:sports>golf #arcadeboard:irem>m92 #set:1,majtitl2a.zip|majtitl2.zip,a8ab4ac122219b7cc2434c7c7f1d58a1,d904772adb64d571e35fbc3a860b571ffcb356e2,baebae9ca93e8027bbe35155e60f0ea4c84ec1f51cb662408c4e95e10fcaab57,8eb5838ad3fc497bc729983f2a13da11d42f8c6511659e8db82a2583806ed0d342395f33b6d3f4250e209720f5f9ed48af71f2c76b6c978f3415d582d02eeca1
Major Title 2: Tournament Leader,majortitle2,World,1992,Irem,Irem,#input:joystick>8:buttons>2 #players:4:vs #genre:sports>golf #arcadeboard:irem>m92 #set:2,majtitl2b.zip|majtitl2.zip,a8ab4ac122219b7cc2434c7c7f1d58a1,d904772adb64d571e35fbc3a860b571ffcb356e2,baebae9ca93e8027bbe35155e60f0ea4c84ec1f51cb662408c4e95e10fcaab57,8eb5838ad3fc497bc729983f2a13da11d42f8c6511659e8db82a2583806ed0d342395f33b6d3f4250e209720f5f9ed48af71f2c76b6c978f3415d582d02eeca1
The Irem Skins Game,majortitle2,USA,1992,Irem,Irem,#input:joystick>8:buttons>2 #players:4:vs #genre:sports>golf #arcadeboard:irem>m92 #set:1,skingame.zip|majtitl2.zip,a8ab4ac122219b7cc2434c7c7f1d58a1,d904772adb64d571e35fbc3a860b571ffcb356e2,baebae9ca93e8027bbe35155e60f0ea4c84ec1f51cb662408c4e95e10fcaab57,8eb5838ad3fc497bc729983f2a13da11d42f8c6511659e8db82a2583806ed0d342395f33b6d3f4250e209720f5f9ed48af71f2c76b6c978f3415d582d02eeca1
The Irem Skins Game,majortitle2,USA,1992,Irem,Irem,#input:joystick>8:buttons>2 #players:4:vs #genre:sports>golf #arcadeboard:irem>m92 #set:2,skingame2.zip|majtitl2.zip,a8ab4ac122219b7cc2434c7c7f1d58a1,d904772adb64d571e35fbc3a860b571ffcb356e2,baebae9ca93e8027bbe35155e60f0ea4c84ec1f51cb662408c4e95e10fcaab57,8eb5838ad3fc497bc729983f2a13da11d42f8c6511659e8db82a2583806ed0d342395f33b6d3f4250e209720f5f9ed48af71f2c76b6c978f3415d582d02eeca1
Meikyūjima@迷宮島,meikyuujima,Japan,1988,Irem,Irem,#input:joystick>4:buttons>2 #players:2:alt #genre:puzzle:action>maze #arcadeboard:irem>m77 #lang:ja #mameparent,kikcubic.zip,d3d46cc1d08ddd8728ad287ab548159c,3a314add8c4488501ef23fc556a43186126f9225,ed8131aedd9e02e85676d4ad654ffcc957a112030c3690c18e020f2a2a9b685b,1d6be7302e4af0109aa3fe423a68adc09bc57614988046190c9bf7ef775e6234d9e1e948689f88c2b6f975f6c90dca5b01c01caf905250d0dc8e82d46fe15692
Kickle Cubele: Meikyūjima@Kickle Cubele 迷宮島,meikyuujima,Japan,1988,Irem,Irem,#input:joystick>4:buttons>2 #players:2:alt #genre:puzzle:action>maze #arcadeboard:irem>m77,kikcubicb.zip|kikcubic.zip,d3d46cc1d08ddd8728ad287ab548159c,3a314add8c4488501ef23fc556a43186126f9225,ed8131aedd9e02e85676d4ad654ffcc957a112030c3690c18e020f2a2a9b685b,1d6be7302e4af0109aa3fe423a68adc09bc57614988046190c9bf7ef775e6234d9e1e948689f88c2b6f975f6c90dca5b01c01caf905250d0dc8e82d46fe15692
Moon Patrol,moonpatrol,USA,1982,Williams/Irem,Irem,#input:joystick>2h:buttons>2 #players:2:alt #genre:action>runandgun #arcadeboard:irem>m52,mpatrolw.zip|mpatrol.zip,b685957c7a9112857fe7dfaff0a059ac,156805e5610bc7d016f8990acfd0a0b821db100c,72ec778166c06c975e05749b3e8db54cb5e9b26196d7da7a1f7db1f878b3f59c,a44f29e7c37a5163765cbe7eeaaa2039c2517ecc3520e31e3025cac278081a73423dd5a63752c1ed06ee0368ada5b0fa1a714e03ee3f27c74833534fc4aca778
Moon Patrol,moonpatrol,World,1982,Irem,Irem,#input:joystick>2h:buttons>2 #players:2:alt #genre:action>runandgun #arcadeboard:irem>m52 #mameparent,mpatrol.zip,b685957c7a9112857fe7dfaff0a059ac,156805e5610bc7d016f8990acfd0a0b821db100c,72ec778166c06c975e05749b3e8db54cb5e9b26196d7da7a1f7db1f878b3f59c,a44f29e7c37a5163765cbe7eeaaa2039c2517ecc3520e31e3025cac278081a73423dd5a63752c1ed06ee0368ada5b0fa1a714e03ee3f27c74833534fc4aca778
Moon Ranger,moonpatrol,World,1982,Irem,Irem,#input:joystick>2h:buttons>2 #players:2:alt #genre:action>runandgun #arcadeboard:irem>m52 #unlicensed:bootleg,mranger.zip|mpatrol.zip,b685957c7a9112857fe7dfaff0a059ac,156805e5610bc7d016f8990acfd0a0b821db100c,72ec778166c06c975e05749b3e8db54cb5e9b26196d7da7a1f7db1f878b3f59c,a44f29e7c37a5163765cbe7eeaaa2039c2517ecc3520e31e3025cac278081a73423dd5a63752c1ed06ee0368ada5b0fa1a714e03ee3f27c74833534fc4aca778
Mr. Heli no Daibōken@Mr. HeliＩの大冒険,mrhelinodaibouken,Japan,1987,Irem,Irem,#input:joystick>8:buttons>2 #players:2:alt #genre:shmup>h #arcadeboard:irem>m72,mrheli.zip|bchopper.zip,62d306d6fc5178f402814ae4884efe99,294db1a3a539f096d04d708290dfee6b74955270,f20a1f5a0a05e82a8e2fac5fa21e8547d7c7446138e385f2fa7673eb40cc74bc,b276721ae2fa3b103cc31d75f61013ab8015829c7f88ebbe99b5c7c580ebdd99a3a3ac3bbd2270993f4df69203ee71c06f328500386da5e1eb1f52041f1acb61
Battle Chopper,mrhelinodaibouken,World,1987,Irem,Irem,#input:joystick>8:buttons>2 #players:2:alt #genre:shmup>h #arcadeboard:irem>m72 #mameparent,bchopper.zip,62d306d6fc5178f402814ae4884efe99,294db1a3a539f096d04d708290dfee6b74955270,f20a1f5a0a05e82a8e2fac5fa21e8547d7c7446138e385f2fa7673eb40cc74bc,b276721ae2fa3b103cc31d75f61013ab8015829c7f88ebbe99b5c7c580ebdd99a3a3ac3bbd2270993f4df69203ee71c06f328500386da5e1eb1f52041f1acb61
Panther,panther,Japan,1981,Irem,Irem,#input:buttons>3 #players:2:alt #search:tate>ccw #genre:shmup #arcadeboard:irem>m27 #mameparent,panther.zip,6a43b2ee4529db9cda749cbb2440eb97,b42a52ce4a1309aa8970e7b3c6d61cc83618fbf5,73560b9bf1f4a71d96455822164f6635001d18189a96643588e6941528a81157,5e174d54c8d7b8be340960b284f4cae711114cdbc230020907fb258df7f35639613c883a96adf056dba1031fa5dd302ae18ef1faf2ec4c6fde88822ba9dd7aa8
Pound for Pound,poundforpound,Japan,1990,Irem,Irem,#input:trackball:buttons>2 #players:2:vs #search:tate>ccw #genre:fighting:sports>boxing #arcadeboard:irem>m85,poundforj.zip|poundfor.zip,b36569491f985c159683750cafb1f342,bd73c7a1ac5422c683f47abb82e88a3c624795e1,9f4d517178f6018d3cb49b4036270e3e0cfbf1fa85aacd823ad83ad3489221f9,a556b7d05b4447df9afdc50931c95b2478da8c9a69d98848055ceb5dd7bf60e65d69b08fd98d122fa2cef8a4003f5d51f93301309ffc42ee631b74671a4fa611
Pound for Pound,poundforpound,USA,1990,Irem,Irem,#input:trackball:buttons>2 #players:2:vs #search:tate>ccw #genre:fighting:sports>boxing #arcadeboard:irem>m85,poundforu.zip|poundfor.zip,b36569491f985c159683750cafb1f342,bd73c7a1ac5422c683f47abb82e88a3c624795e1,9f4d517178f6018d3cb49b4036270e3e0cfbf1fa85aacd823ad83ad3489221f9,a556b7d05b4447df9afdc50931c95b2478da8c9a69d98848055ceb5dd7bf60e65d69b08fd98d122fa2cef8a4003f5d51f93301309ffc42ee631b74671a4fa611
Pound for Pound,poundforpound,World,1990,Irem,Irem,#input:trackball:buttons>2 #players:2:vs #search:tate>ccw #genre:fighting:sports>boxing #arcadeboard:irem>m85 #mameparent,poundfor.zip,b36569491f985c159683750cafb1f342,bd73c7a1ac5422c683f47abb82e88a3c624795e1,9f4d517178f6018d3cb49b4036270e3e0cfbf1fa85aacd823ad83ad3489221f9,a556b7d05b4447df9afdc50931c95b2478da8c9a69d98848055ceb5dd7bf60e65d69b08fd98d122fa2cef8a4003f5d51f93301309ffc42ee631b74671a4fa611
Quiz F1 1·2 Finish@クイズ F1 1・2 ワン　ツー　フィニッシュ,quizf112finish,Japan,1992,Irem,Irem,#input:buttons>4 #players:2:vs #genre:quiz #arcadeboard:irem>m97 #lang:ja #mameparent,quizf1.zip,77b117bc27703848393cf319093dae08,18cba1c96a1914699166ac548bec2113c86dbb83,b769bd96db9791f789c535c907b6ef518437ccf7a76e2fea1038471cb5f06b05,97f17943994dedc6c63afab436de697c878359597b745674a1dcfc11a6ffef48d7afdf4f20c97f0935344ad8471e739be893a6e785b166fb704030f5eaa01fe9
R・Type,rtype,Japan,1987,Irem,Irem,#input:joystick>8:buttons>2 #players:1 #genre:shmup>h #arcadeboard:irem>m72,rtypej.zip|rtype.zip,41216718de9d9dcce760095ee6011ec2,459ea4faa118614163d8229698e4bbecb1884255,247487a4a914e7cecb62f82ed1e9e7452b9482e8782db73f45758a59a262d5b2,eb5f6a8ef9d9e9bdd4b5eeb2f8869b8a212fc9f52320b2056852e24a1939b10de89a0b3f209dcc27d71cfdc81c2d62463c9e91773244ba1942fd1ea5abf334a6
R・Type,rtype,Japan,1987,Irem,Irem,#input:joystick>8:buttons>2 #players:1 #genre:shmup>h #arcadeboard:irem>m72 #unfinished:proto,rtypejp.zip|rtype.zip,41216718de9d9dcce760095ee6011ec2,459ea4faa118614163d8229698e4bbecb1884255,247487a4a914e7cecb62f82ed1e9e7452b9482e8782db73f45758a59a262d5b2,eb5f6a8ef9d9e9bdd4b5eeb2f8869b8a212fc9f52320b2056852e24a1939b10de89a0b3f209dcc27d71cfdc81c2d62463c9e91773244ba1942fd1ea5abf334a6
R・Type,rtype,USA,1987,Irem,Irem,#input:joystick>8:buttons>2 #players:1 #genre:shmup>h #arcadeboard:irem>m72,rtypeu.zip|rtype.zip,41216718de9d9dcce760095ee6011ec2,459ea4faa118614163d8229698e4bbecb1884255,247487a4a914e7cecb62f82ed1e9e7452b9482e8782db73f45758a59a262d5b2,eb5f6a8ef9d9e9bdd4b5eeb2f8869b8a212fc9f52320b2056852e24a1939b10de89a0b3f209dcc27d71cfdc81c2d62463c9e91773244ba1942fd1ea5abf334a6
R・Type,rtype,World,1987,Irem,Irem,#input:joystick>8:buttons>2 #players:1 #genre:shmup>h #arcadeboard:irem>m72 #mameparent,rtype.zip,41216718de9d9dcce760095ee6011ec2,459ea4faa118614163d8229698e4bbecb1884255,247487a4a914e7cecb62f82ed1e9e7452b9482e8782db73f45758a59a262d5b2,eb5f6a8ef9d9e9bdd4b5eeb2f8869b8a212fc9f52320b2056852e24a1939b10de89a0b3f209dcc27d71cfdc81c2d62463c9e91773244ba1942fd1ea5abf334a6
R・Type II,rtype2,Japan,1989,Irem,Irem,#input:joystick>8:buttons>2 #players:2:alt #genre:shmup>h #arcadeboard:irem>m72,rtype2j.zip|rtype2.zip,7abd7499f91f1adaf58180acbf0ee34e,fbf2b9d79c1151c32c2a320e1e6bd9c5d89db8e6,e1132ece8b754476cb9e448cd5c5a10e21a223b294a25f488d15b2a1aa3f82f7,71258aaa45191f08324610e3ace830525dc17ff7126d1f4a56982bca72ec5efabb0c987317b301857afece5465363982559882fe77571cc89a900bbab02868df
R・Type II,rtype2,Japan,1989,Irem,Irem,#input:joystick>8:buttons>2 #players:2:alt #genre:shmup>h #arcadeboard:irem>m72 #rev:c,rtype2jc.zip,7abd7499f91f1adaf58180acbf0ee34e,fbf2b9d79c1151c32c2a320e1e6bd9c5d89db8e6,e1132ece8b754476cb9e448cd5c5a10e21a223b294a25f488d15b2a1aa3f82f7,71258aaa45191f08324610e3ace830525dc17ff7126d1f4a56982bca72ec5efabb0c987317b301857afece5465363982559882fe77571cc89a900bbab02868df
R・Type II,rtype2,World,1989,Irem,Irem,#input:joystick>8:buttons>2 #players:2:alt #genre:shmup>h #arcadeboard:irem>m72 #mameparent,rtype2.zip,7abd7499f91f1adaf58180acbf0ee34e,fbf2b9d79c1151c32c2a320e1e6bd9c5d89db8e6,e1132ece8b754476cb9e448cd5c5a10e21a223b294a25f488d15b2a1aa3f82f7,71258aaa45191f08324610e3ace830525dc17ff7126d1f4a56982bca72ec5efabb0c987317b301857afece5465363982559882fe77571cc89a900bbab02868df
R・Type Leo,rtypeleo,Japan,1992,Irem,Irem,#input:joystick>8:buttons>2 #players:2:coop #genre:shmup>h #arcadeboard:irem>m92,rtypeleoj.zip|rtypeleo.zip,f217df713386e701f55616a3103d9085,c7de0e3a40e199140587d0c5033cbcc82a3ef41e,59aa7282a31d4c388dad1ce1ac179bb6a8e3065cbb482db9853f8f836dd9ee7a,38728548ab03045f81db36fd310c428824886afd4940a0e0b0eaffa153bde7ac29e79ae2a43862c533e980de51af918397476197a330169235562447d0b76439
R・Type Leo,rtypeleo,World,1992,Irem,Irem,#input:joystick>8:buttons>2 #players:2:coop #genre:shmup>h #arcadeboard:irem>m92 #mameparent,rtypeleo.zip,f217df713386e701f55616a3103d9085,c7de0e3a40e199140587d0c5033cbcc82a3ef41e,59aa7282a31d4c388dad1ce1ac179bb6a8e3065cbb482db9853f8f836dd9ee7a,38728548ab03045f81db36fd310c428824886afd4940a0e0b0eaffa153bde7ac29e79ae2a43862c533e980de51af918397476197a330169235562447d0b76439
Spartan X@スパルタンX,spartanx,Japan,1984,Irem,Irem,#input:joystick>8:buttons>2 #players:2:alt #genre:action>hackandslash #arcadeboard:irem>m62,spartanx.zip|kungfum.zip,b2f6b212a5893a3e5900eb5a15bfdd86,5ff3aef1dd53c4e1d4daa6333c4c1bebc27ad79c,046e642b3c06341fab2ed73dc231278d17d5d5c6363e2ac0ebb0e6d814dc5b8d,ba21393efae8a2ce68bf912d045b2c6b4e1bf4f3550d5b3201521014c5e3a75963df7a0fcf842cafdec6f47963b81472564bdd2bb80a8969aa97482e25272b9f
Kung-Fu Master,spartanx,World,1984,Irem,Irem,#input:joystick>8:buttons>2 #players:2:alt #genre:action>hackandslash #arcadeboard:irem>m62 #mameparent,kungfum.zip,b2f6b212a5893a3e5900eb5a15bfdd86,5ff3aef1dd53c4e1d4daa6333c4c1bebc27ad79c,046e642b3c06341fab2ed73dc231278d17d5d5c6363e2ac0ebb0e6d814dc5b8d,ba21393efae8a2ce68bf912d045b2c6b4e1bf4f3550d5b3201521014c5e3a75963df7a0fcf842cafdec6f47963b81472564bdd2bb80a8969aa97482e25272b9f
Saigo no Nindō@最後の忍道,saigononindou,Japan,1989,Irem,Irem,#input:joystick>8:buttons>2 #players:2:alt #genre:action>runandgun #arcadeboard:irem>m72,nspiritj.zip|nspirit.zip,d8b690be556ddfb80139ccbb108262ce,b65cb1fca0743f71864f2372789b53b08cdfd83e,3a624a0f1b09f619a2ff3dfb51ed50400f4a873e17f0f1238f9efd479a3b2761,a7a2639a9ef39a6f2aa00b0d6f71e93e909761cd574d8518dbd557cc7dcd0296b9cf08d5ca335fc790f2476e3964a73d772d5717adc122c6272e42e41e89b2c3
Ninja Spirit@Ninja Spirit 最後の忍道,saigononindou,World,1989,Irem,Irem,#input:joystick>8:buttons>2 #players:2:alt #genre:action>runandgun #arcadeboard:irem>m72 #mameparent,nspirit.zip,d8b690be556ddfb80139ccbb108262ce,b65cb1fca0743f71864f2372789b53b08cdfd83e,3a624a0f1b09f619a2ff3dfb51ed50400f4a873e17f0f1238f9efd479a3b2761,a7a2639a9ef39a6f2aa00b0d6f71e93e909761cd574d8518dbd557cc7dcd0296b9cf08d5ca335fc790f2476e3964a73d772d5717adc122c6272e42e41e89b2c3
Shisenshō: Joshiryō@四川省 女子寮編,shisenshou,Japan,1989,Tamtex,Irem,#input:joystick>8:buttons>3 #players:2:coop #genre:puzzle #arcadeboard:irem #lang:ja,shisen.zip|matchit.zip,f181491b8811ae4c09d9dc53fbd6aed5,71ba261161a5e49f53bc4933f9ddd6dd1964940b,751a2d3a11dc547f7af885631cf45051d87c1a5baa9a89676e5861a7cd310a46,08223fbdd356949440ff5ab263494ce1f7d5c720cfdf1ff464d8c7cf6240b2decfecc1ca2696b0a858cc777c4175be6b963aa24b8d977fff634f498fc37feb41
Match It@四川省 Match It 女子寮編,shisenshou,World,1989,Tamtex,Irem,#input:joystick>8:buttons>3 #players:2:coop #genre:puzzle #arcadeboard:irem #mameparent,matchit.zip,f181491b8811ae4c09d9dc53fbd6aed5,71ba261161a5e49f53bc4933f9ddd6dd1964940b,751a2d3a11dc547f7af885631cf45051d87c1a5baa9a89676e5861a7cd310a46,08223fbdd356949440ff5ab263494ce1f7d5c720cfdf1ff464d8c7cf6240b2decfecc1ca2696b0a858cc777c4175be6b963aa24b8d977fff634f498fc37feb41
Sichuan II@四川省 Shichuan II,shisenshou,World,1989,Tamtex,Irem,#input:joystick>8:buttons>3 #players:2:coop #genre:puzzle #arcadeboard:irem #set:1 #unlicensed:hack,sichuan2.zip|matchit.zip,f181491b8811ae4c09d9dc53fbd6aed5,71ba261161a5e49f53bc4933f9ddd6dd1964940b,751a2d3a11dc547f7af885631cf45051d87c1a5baa9a89676e5861a7cd310a46,08223fbdd356949440ff5ab263494ce1f7d5c720cfdf1ff464d8c7cf6240b2decfecc1ca2696b0a858cc777c4175be6b963aa24b8d977fff634f498fc37feb41
Sichuan II@四川省 Shichuan II 女子寮編,shisenshou,World,1989,Tamtex,Irem,#input:joystick>8:buttons>3 #players:2:coop #genre:puzzle #arcadeboard:irem #set:2 #unlicensed:hack,sichuan2a.zip|matchit.zip,f181491b8811ae4c09d9dc53fbd6aed5,71ba261161a5e49f53bc4933f9ddd6dd1964940b,751a2d3a11dc547f7af885631cf45051d87c1a5baa9a89676e5861a7cd310a46,08223fbdd356949440ff5ab263494ce1f7d5c720cfdf1ff464d8c7cf6240b2decfecc1ca2696b0a858cc777c4175be6b963aa24b8d977fff634f498fc37feb41
Shisenshō II@四川省II,shisenshou2,Japan,1993,Tamtex,Irem,#input:joystick>8:buttons>3 #players:2:coop #genre:puzzle #arcadeboard:irem>m97 #lang:ja,shisen2.zip|matchit2.zip,ae2e7500e6ef5069f65f54751da162d4,a619f4144bbed96b53287ecbf9a340dfac34974a,43274f11fd911bf977625e34f7f5658256aaf9092a1cd36d0215d8ee422145f6,ba3db3919c34ee589bda6013a04831cf336adf84fcd05365991567424355fce93309bd06561ba08f4ff804fc42f07675efd379da2bdc635f89614494f8772117
Match It II,shisenshou2,World,1993,Tamtex,Irem,#input:joystick>8:buttons>3 #players:2:coop #genre:puzzle #arcadeboard:irem>m97 #mameparent,matchit2.zip,ae2e7500e6ef5069f65f54751da162d4,a619f4144bbed96b53287ecbf9a340dfac34974a,43274f11fd911bf977625e34f7f5658256aaf9092a1cd36d0215d8ee422145f6,ba3db3919c34ee589bda6013a04831cf336adf84fcd05365991567424355fce93309bd06561ba08f4ff804fc42f07675efd379da2bdc635f89614494f8772117
Shot Rider,shotrider,World,1983,Seibu Kaihatsu,Irem,#input:joystick>8:buttons>2 #players:2:alt #search:tate>ccw #genre:racing #arcadeboard:irem #mameparent,shtrider.zip,70cbb4dcc2511e717f31329e86cd9730,826cde594c22c0604aad3c55762a6e61963c942e,c19cbdadfa9a1d207e0fe0c0d0a2622064e770b1120c3dabcf61f8987afcc6e2,8851ab363f056a4b598c0067e59bbae728c919c36c987cbbed2dd0127b27f024462feacbe908be95cfa3d4f3ecd7de3977dd83ebec74535026e8222b9ad3f447
Shot Rider,shotrider,World,1983,Sigma/Seibu Kaihatsu,Irem,#input:joystick>8:buttons>2 #players:2:alt #search:tate>ccw #genre:racing #arcadeboard:irem #mameparent,shtridera.zip|shtrider.zip,70cbb4dcc2511e717f31329e86cd9730,826cde594c22c0604aad3c55762a6e61963c942e,c19cbdadfa9a1d207e0fe0c0d0a2622064e770b1120c3dabcf61f8987afcc6e2,8851ab363f056a4b598c0067e59bbae728c919c36c987cbbed2dd0127b27f024462feacbe908be95cfa3d4f3ecd7de3977dd83ebec74535026e8222b9ad3f447
Sky Chuter,skychuter,World,1980,Irem,Irem,#input:joystick>2h:buttons>1 #players:2:alt #search:tate>ccw #genre:shmup #arcadeboard:irem>m10 #mameparent,skychut.zip,ca48fe97c53334a1cb8b0c5d2f643ec6,71f0b130ae87ad686e9283031bf81e5f4de0ae5c,e8a51082c6cd84439517050acc2f83cf847d55fb12e4afdc6558b0596d5eda4b,3169b8fdb06814b46dfd7e409d15a8f19bd69d0d20511a00a5369b1a2ed99e262e14ef4b44ec8fb97914436825fc5e23558748b92adec6b287e997a7fae4fdf2
Space Beam,space beam,World,1979,Irem,Irem,#input:joystick>2h:buttons>1 #players:2:alt #search:tate>ccw #genre:shmup #arcadeboard:irem>m10 #mameparent,spacbeam.zip,f82b8431d4c759952a53efd18d47635d,53026a5e0d6613c0e2447f72d8c1b095d3af7c4c,cd999bdb93c918ddaf8e3ceed5ac949ffc76c82a212ed1074ea774b7f2e0a697,faaffd259d83bfe3cd9003eeedd8d556a4e3c63ce616c80f21ebf4699e95ffdfc79688bb3ac213eb6b121adfe13097fa54879bf783b2187213cda80985f52aa9
Spelunker,spelunker,Japan,1985,Irem,Irem,#input:joystick>8:buttons>2 #players:2:alt #genre:action>platformer #port:atari>atari400 #arcadeboard:irem>m62,spelunkrj.zip|spelunkr.zip,005bce81e8922566ae28f8eef863dbfb,889f6d73dc2b132faab548013d8ce164cf3d4a06,fc54188eecc23ac366385ce537f511cc37f3039cf36d6e2f27faff6c2cd0ed03,75d2dcb7b2af8767ae9a12c5af5d0994eca9a2b0c5f34561b561f47c795d526ca748649fbfbe9eb77889f6397333a17e04543345d4e9f286bbb433928ce4139e
Spelunker,spelunker,World,1985,Irem,Irem,#input:joystick>8:buttons>2 #players:2:alt #genre:action>platformer #port:atari>atari400 #arcadeboard:irem>m62 #mameparent,spelunkr.zip,005bce81e8922566ae28f8eef863dbfb,889f6d73dc2b132faab548013d8ce164cf3d4a06,fc54188eecc23ac366385ce537f511cc37f3039cf36d6e2f27faff6c2cd0ed03,75d2dcb7b2af8767ae9a12c5af5d0994eca9a2b0c5f34561b561f47c795d526ca748649fbfbe9eb77889f6397333a17e04543345d4e9f286bbb433928ce4139e
Spelunker II: 23 no Kagi@Spelunker II: 23の鍵,spelunker2,Japan,1986,Irem/Brøderbund,Irem,#input:joystick>8:buttons>2 #players:2:alt #genre:action>platformer #arcadeboard:irem>m62 #mameparent,spelunk2.zip,f86b5da1428876751fd4058baaf27fff,7037d6dc98ac44b459618c68681e7285ed3088cf,a4b6047f1cfdb174e3aaedc1e2ba4e4127df0074bb1917bb1337f2df73e7daff,3711dbab38e4e35ba57ccbc3549633a0736cbe45ed3ee03c80ac79c2d9b0778c9f5240f43e2d53cbbd0a40dea7eb9af1651b0ef7d056f2b6f2787707a25370c7
Perfect Soldiers,perfectsoldiers,Japan,1994,Irem,Irem,#input:joystick>8:buttons>6 #players:2:vs #genre:fighting #arcadeboard:irem>m92 #lang:ja,psoldier.zip|ssoldier.zip,0987b314e7163ef1feb66af646e20336,e2237290c99001b8807bd6cc73c14b19a32ad21c,2ec67074aabcc8118450e19381248b421cb6ef2c899e2e9480edbfa9e7e3b290,125eee5c6a11914d86716b3acca83d59b6d27207ccb206dae75f0ae0565a61b515b99418458f753c9d9c14ae4d4a06570e560486a0404414faed11b39e3c8d74
Superior Soldiers,perfectsoldiers,USA,1994,Irem,Irem,#input:joystick>8:buttons>6 #players:2:vs #genre:fighting #arcadeboard:irem>m92 #mameparent,ssoldier.zip,0987b314e7163ef1feb66af646e20336,e2237290c99001b8807bd6cc73c14b19a32ad21c,2ec67074aabcc8118450e19381248b421cb6ef2c899e2e9480edbfa9e7e3b290,125eee5c6a11914d86716b3acca83d59b6d27207ccb206dae75f0ae0565a61b515b99418458f753c9d9c14ae4d4a06570e560486a0404414faed11b39e3c8d74
The Battle-Road,thebattleroad,World,1984,Irem,Irem,#input:joystick>8:buttons>2 #players:2:alt #search:tate>cw #genre:racing>combat #arcadeboard:irem>m62,battroad.zip,f2cddb64b2a991af538da95109b32147,f019a534b712f5527ff61c31b799ffa451bfa9e8,a387c823c3ed1aa8664fa6b0e50f4239e7e399c0d84487578a9187fd721078fd,4294e640b96f684bc4935438358c8081a1684fbc757bc54cde729083e3f08e29b14d95d7c63a3a68c8864ad1f831de0b33e8453dd84bfe55c210587a17561338
Thunder Blaster,thunderblaster,Japan,1992,Irem,Irem,#input:joystick>8:buttons>2 #players:2:coop #search:tate>ccw #genre:shmup>v #arcadeboard:irem>m92,thndblst.zip|lethalth.zip,46e53fc6975e7206302e85f5aac6f68b,20e539413e936011fccf187d7f797e76a7e9109c,f0fcd11af9522bba620a2a22ddc8e54353848331076af71fa25a96043cbb2146,0bb079de11d3ea8beda662615cdaa190cd68356501354914679474c0382875455ab333f017c16bec42deeda334ddaf13aba9a51b38fbf46256268faa1809defd
Lethal Thunder,thunderblaster,World,1992,Irem,Irem,#input:joystick>8:buttons>2 #players:2:coop #search:tate>ccw #genre:shmup>v #arcadeboard:irem>m92 #mameparent,lethalth.zip,46e53fc6975e7206302e85f5aac6f68b,20e539413e936011fccf187d7f797e76a7e9109c,f0fcd11af9522bba620a2a22ddc8e54353848331076af71fa25a96043cbb2146,0bb079de11d3ea8beda662615cdaa190cd68356501354914679474c0382875455ab333f017c16bec42deeda334ddaf13aba9a51b38fbf46256268faa1809defd
Tropical Angel,tropicalangel,World,1983,Irem,Irem,#input:joystick>2h:buttons>2 #players:1 #genre:sports #arcadeboard:irem>m57 #mameparent,troangel.zip,20ba03d1059074ea6e1bc3929c94d21e,6539c5a4610340868108ba2bdab1effd5a5e3843,c7e60849b758420454271f0858971993c57edf6368b2017dd5504c52e46704d0,bca8e4f616cc6c8c8623d948801956571f767ef21639641c2bc0af1bf10c3457b222007f8ee79a544878c9a5147730917e67c3268aaae804761107de32505681
New Tropical Angel,tropicalangel,World,1983,Irem,Irem,#input:joystick>2h:buttons>2 #players:1 #genre:sports #arcadeboard:irem>m57,newtangl.zip|troangel.zip,20ba03d1059074ea6e1bc3929c94d21e,6539c5a4610340868108ba2bdab1effd5a5e3843,c7e60849b758420454271f0858971993c57edf6368b2017dd5504c52e46704d0,bca8e4f616cc6c8c8623d948801956571f767ef21639641c2bc0af1bf10c3457b222007f8ee79a544878c9a5147730917e67c3268aaae804761107de32505681
Undercover Cops,undercovercops,Japan,1992,Irem,Irem,#input:joystick>8:buttons>2 #players:3:coop #genre:brawler #arcadeboard:irem>m92,uccopsj.zip|uccops.zip,b92be4f07d8de316e231a98797dccb72,dfafe806790572a5eb10b9b7cad11303d0903282,59c4daaa5bc396abeae4f19b05bf459f755a9ffb4cb8abb963123cab512dcbb0,027d1122aa240f7dd06b4397241d85596d16ed6691c277d78b70a4993970f2866cb5253e9c313211bb91ff3263af41408c124808cf44e47e75cacf20e766edc0
Undercover Cops,undercovercops,USA,1992,Irem,Irem,#input:joystick>8:buttons>2 #players:3:coop #genre:brawler #arcadeboard:irem>m92,uccopsu.zip|uccops.zip,b92be4f07d8de316e231a98797dccb72,dfafe806790572a5eb10b9b7cad11303d0903282,59c4daaa5bc396abeae4f19b05bf459f755a9ffb4cb8abb963123cab512dcbb0,027d1122aa240f7dd06b4397241d85596d16ed6691c277d78b70a4993970f2866cb5253e9c313211bb91ff3263af41408c124808cf44e47e75cacf20e766edc0
Undercover Cops,undercovercops,World,1992,Irem,Irem,#input:joystick>8:buttons>2 #players:3:coop #genre:brawler #arcadeboard:irem>m92 #mameparent,uccops.zip,b92be4f07d8de316e231a98797dccb72,dfafe806790572a5eb10b9b7cad11303d0903282,59c4daaa5bc396abeae4f19b05bf459f755a9ffb4cb8abb963123cab512dcbb0,027d1122aa240f7dd06b4397241d85596d16ed6691c277d78b70a4993970f2866cb5253e9c313211bb91ff3263af41408c124808cf44e47e75cacf20e766edc0
Undercover Cops: α Renewal Version,undercovercops,USA,1992,Irem,Irem,#input:joystick>8:buttons>2 #players:3:coop #genre:brawler #arcadeboard:irem>m92,uccopsaru.zip|uccops.zip,b92be4f07d8de316e231a98797dccb72,dfafe806790572a5eb10b9b7cad11303d0903282,59c4daaa5bc396abeae4f19b05bf459f755a9ffb4cb8abb963123cab512dcbb0,027d1122aa240f7dd06b4397241d85596d16ed6691c277d78b70a4993970f2866cb5253e9c313211bb91ff3263af41408c124808cf44e47e75cacf20e766edc0
Undercover Cops: α Renewal Version,undercovercops,World,1992,Irem,Irem,#input:joystick>8:buttons>2 #players:3:coop #genre:brawler #arcadeboard:irem>m92,uccopsar.zip|uccops.zip,b92be4f07d8de316e231a98797dccb72,dfafe806790572a5eb10b9b7cad11303d0903282,59c4daaa5bc396abeae4f19b05bf459f755a9ffb4cb8abb963123cab512dcbb0,027d1122aa240f7dd06b4397241d85596d16ed6691c277d78b70a4993970f2866cb5253e9c313211bb91ff3263af41408c124808cf44e47e75cacf20e766edc0
Vigilante,vigilante,Japan,1988,Irem,Irem,#input:joystick>8:buttons>2 #players:2:alt #genre:action>hackandslash #arcadeboard:irem>m75 #rev:d,vigilantd.zip|vigilant.zip,2990d8676cfe0d5a09de0bb4cc19c94e,def1db62981e7d0e21daf74117fb86d888527994,515eca296c91a015ad5883b2a3ebe97d9c404f323c28f474c7fc7db5c07acc6b,6d60a8710c0157197e1aca65fe1dc122127c62273b511e64c87ca0d1e3e42cbc262a39df19b5eaedc8279d3d9243693a20fcdfa9a9415cf2bd40a0563202638a
Vigilante,vigilante,USA,1988,Irem,Irem,#input:joystick>8:buttons>2 #players:2:alt #genre:action>hackandslash #arcadeboard:irem>m75,vigilanto.zip|vigilant.zip,2990d8676cfe0d5a09de0bb4cc19c94e,def1db62981e7d0e21daf74117fb86d888527994,515eca296c91a015ad5883b2a3ebe97d9c404f323c28f474c7fc7db5c07acc6b,6d60a8710c0157197e1aca65fe1dc122127c62273b511e64c87ca0d1e3e42cbc262a39df19b5eaedc8279d3d9243693a20fcdfa9a9415cf2bd40a0563202638a
Vigilante,vigilante,USA,1988,Irem,Irem,#input:joystick>8:buttons>2 #players:2:alt #genre:action>hackandslash #arcadeboard:irem>m75 #rev:b,vigilantb.zip|vigilant.zip,2990d8676cfe0d5a09de0bb4cc19c94e,def1db62981e7d0e21daf74117fb86d888527994,515eca296c91a015ad5883b2a3ebe97d9c404f323c28f474c7fc7db5c07acc6b,6d60a8710c0157197e1aca65fe1dc122127c62273b511e64c87ca0d1e3e42cbc262a39df19b5eaedc8279d3d9243693a20fcdfa9a9415cf2bd40a0563202638a
Vigilante,vigilante,USA,1988,Irem,Irem,#input:joystick>8:buttons>2 #players:2:alt #genre:action>hackandslash #arcadeboard:irem>m75 #rev:g,vigilantg.zip|vigilant.zip,2990d8676cfe0d5a09de0bb4cc19c94e,def1db62981e7d0e21daf74117fb86d888527994,515eca296c91a015ad5883b2a3ebe97d9c404f323c28f474c7fc7db5c07acc6b,6d60a8710c0157197e1aca65fe1dc122127c62273b511e64c87ca0d1e3e42cbc262a39df19b5eaedc8279d3d9243693a20fcdfa9a9415cf2bd40a0563202638a
Vigilante,vigilante,World,1988,Irem,Irem,#input:joystick>8:buttons>2 #players:2:alt #genre:action>hackandslash #arcadeboard:irem>m75 #rev:a,vigilanta.zip|vigilant.zip,2990d8676cfe0d5a09de0bb4cc19c94e,def1db62981e7d0e21daf74117fb86d888527994,515eca296c91a015ad5883b2a3ebe97d9c404f323c28f474c7fc7db5c07acc6b,6d60a8710c0157197e1aca65fe1dc122127c62273b511e64c87ca0d1e3e42cbc262a39df19b5eaedc8279d3d9243693a20fcdfa9a9415cf2bd40a0563202638a
Vigilante,vigilante,World,1988,Irem,Irem,#input:joystick>8:buttons>2 #players:2:alt #genre:action>hackandslash #arcadeboard:irem>m75 #rev:c,vigilantc.zip|vigilant.zip,2990d8676cfe0d5a09de0bb4cc19c94e,def1db62981e7d0e21daf74117fb86d888527994,515eca296c91a015ad5883b2a3ebe97d9c404f323c28f474c7fc7db5c07acc6b,6d60a8710c0157197e1aca65fe1dc122127c62273b511e64c87ca0d1e3e42cbc262a39df19b5eaedc8279d3d9243693a20fcdfa9a9415cf2bd40a0563202638a
Vigilante,vigilante,World,1988,Irem,Irem,#input:joystick>8:buttons>2 #players:2:alt #genre:action>hackandslash #arcadeboard:irem>m75 #rev:e #mameparent,vigilant.zip,2990d8676cfe0d5a09de0bb4cc19c94e,def1db62981e7d0e21daf74117fb86d888527994,515eca296c91a015ad5883b2a3ebe97d9c404f323c28f474c7fc7db5c07acc6b,6d60a8710c0157197e1aca65fe1dc122127c62273b511e64c87ca0d1e3e42cbc262a39df19b5eaedc8279d3d9243693a20fcdfa9a9415cf2bd40a0563202638a
Willy Tower,willytower,Japan,1984,Irem,Irem,#input:joystick>8:buttons>2 #players:2:alt #genre:action>platformer #arcadeboard:irem>m63 #mameparent,wilytowr.zip,02809085169c480ca088d999040d0207,1d75d59916f36a30980eed8e0da44f0bb6ee11ff,e2627f9c72d8c7528f8a90d22c9fb00107829068c4ced5bded214f37231d42c4,0ea00c9ce59124831c5354460cbe4b77ac388e48a0111224c0bc6168e13685da673ecdcbf8001ace995b8d54588841d0f42b4d8e4f063d573a3b1883d8fd6c79
Atomic Boy,willytower,World,1985,Memetron/Irem,Irem,#input:joystick>8:buttons>2 #players:2:alt #genre:action>platformer #arcadeboard:irem>m63 #rev:a,atomboya.zip|wilytowr.zip,02809085169c480ca088d999040d0207,1d75d59916f36a30980eed8e0da44f0bb6ee11ff,e2627f9c72d8c7528f8a90d22c9fb00107829068c4ced5bded214f37231d42c4,0ea00c9ce59124831c5354460cbe4b77ac388e48a0111224c0bc6168e13685da673ecdcbf8001ace995b8d54588841d0f42b4d8e4f063d573a3b1883d8fd6c79
Atomic Boy,willytower,World,1985,Memetron/Irem,Irem,#input:joystick>8:buttons>2 #players:2:alt #genre:action>platformer #arcadeboard:irem>m63 #rev:b,atomboy.zip|wilytowr.zip,02809085169c480ca088d999040d0207,1d75d59916f36a30980eed8e0da44f0bb6ee11ff,e2627f9c72d8c7528f8a90d22c9fb00107829068c4ced5bded214f37231d42c4,0ea00c9ce59124831c5354460cbe4b77ac388e48a0111224c0bc6168e13685da673ecdcbf8001ace995b8d54588841d0f42b4d8e4f063d573a3b1883d8fd6c79
WW III,redalert,Japan,1981,Irem,Irem,#input:buttons>3 #players:2:alt #search:tate>ccw #genre:shmup #arcadeboard:irem>m27,ww3.zip|redalert.zip,8a48a3b6c2cb4c64a513598630a03ba4,9b0b901b5e7b3f91b48aed55fc58508246b0f0a1,4cd8c056e434be8eb40519775137cc4cec699071a7c6f2bc54c09be95b2dcc3b,ead2ac123811ec84136c795bab1d0f65f4068a5ae3e2aa59a5e3918d180ebbe2fb3b3c1dff2f4349433974419bf01f71c305d90a2cd8719e3806168e373519bc
Red Alert,redalert,USA,1981,Irem/GDI,Irem,#input:buttons>3 #players:2:alt #search:tate>ccw #genre:shmup #arcadeboard:irem>m27 #mameparent,redalert.zip,8a48a3b6c2cb4c64a513598630a03ba4,9b0b901b5e7b3f91b48aed55fc58508246b0f0a1,4cd8c056e434be8eb40519775137cc4cec699071a7c6f2bc54c09be95b2dcc3b,ead2ac123811ec84136c795bab1d0f65f4068a5ae3e2aa59a5e3918d180ebbe2fb3b3c1dff2f4349433974419bf01f71c305d90a2cd8719e3806168e373519bc
X Multiply,xmultiply,Japan,1989,Irem,Irem,#input:joystick>8:buttons>2 #players:2:alt #genre:shmup>h #arcadeboard:irem>m72,xmultiplm72.zip|xmultipl.zip,e1dcf2ce1d7dd4e75721c2f6512bc3b9,aa84946b0a6e863a552b46ec9404ac45327079f9,e6fee691ac78812b2073d4b19696e31940a6a9d8cb50cb6bf875ebd807b19c7f,67f14009e6ec74b3e52a3233867ee7184cc94c704104da4c2726bc803e1252d6b1b17c8ab3b599adb20796d184ac0e5542b4ce40fac33ce785153875bade988c
X Multiply,xmultiply,World,1989,Irem,Irem,#input:joystick>8:buttons>2 #players:2:alt #genre:shmup>h #arcadeboard:irem>m81 #mameparent,xmultipl.zip,e1dcf2ce1d7dd4e75721c2f6512bc3b9,aa84946b0a6e863a552b46ec9404ac45327079f9,e6fee691ac78812b2073d4b19696e31940a6a9d8cb50cb6bf875ebd807b19c7f,67f14009e6ec74b3e52a3233867ee7184cc94c704104da4c2726bc803e1252d6b1b17c8ab3b599adb20796d184ac0e5542b4ce40fac33ce785153875bade988c
Yakyū Kakutō League-Man@野球格闘リーグマン,yakyuukakutouleagueman,Japan,1993,Irem,Irem,#input:joystick>8:buttons>2 #players:4:coop #genre:brawler #arcadeboard:irem>m92 #set:1,leaguemn.zip|nbbatman.zip,a35f2fad56c38c45fbea009710bba04a,88f6f61a5a8a13e0f275cc8c9ac77e07c2d0a8bd,0b1d29a2014491bfeb238594d669f4acc031e22a770ae676b5bdb68ff51255ab,d44bc543d07a0c81629193be0c70b803e81085632bb47a29222978830fa35e5896ace289ebfb6320b00c0a8ebfcf4e4a93aca2557486b52592bbaaefc4ca35cf
Yakyū Kakutō League-Man@野球格闘リーグマン,yakyuukakutouleagueman,Japan,1993,Irem,Irem,#input:joystick>8:buttons>2 #players:4:coop #genre:brawler #arcadeboard:irem>m92 #set:2,leaguemna.zip|nbbatman.zip,a35f2fad56c38c45fbea009710bba04a,88f6f61a5a8a13e0f275cc8c9ac77e07c2d0a8bd,0b1d29a2014491bfeb238594d669f4acc031e22a770ae676b5bdb68ff51255ab,d44bc543d07a0c81629193be0c70b803e81085632bb47a29222978830fa35e5896ace289ebfb6320b00c0a8ebfcf4e4a93aca2557486b52592bbaaefc4ca35cf
Ninja Baseball Bat Man,yakyuukakutouleagueman,USA,1993,Irem,Irem,#input:joystick>8:buttons>2 #players:4:coop #genre:brawler #arcadeboard:irem>m92,nbbatmanu.zip|nbbatman.zip,a35f2fad56c38c45fbea009710bba04a,88f6f61a5a8a13e0f275cc8c9ac77e07c2d0a8bd,0b1d29a2014491bfeb238594d669f4acc031e22a770ae676b5bdb68ff51255ab,d44bc543d07a0c81629193be0c70b803e81085632bb47a29222978830fa35e5896ace289ebfb6320b00c0a8ebfcf4e4a93aca2557486b52592bbaaefc4ca35cf
Ninja Baseball Bat Man,yakyuukakutouleagueman,World,1993,Irem,Irem,#input:joystick>8:buttons>2 #players:4:coop #genre:brawler #arcadeboard:irem>m92 #mameparent,nbbatman.zip,a35f2fad56c38c45fbea009710bba04a,88f6f61a5a8a13e0f275cc8c9ac77e07c2d0a8bd,0b1d29a2014491bfeb238594d669f4acc031e22a770ae676b5bdb68ff51255ab,d44bc543d07a0c81629193be0c70b803e81085632bb47a29222978830fa35e5896ace289ebfb6320b00c0a8ebfcf4e4a93aca2557486b52592bbaaefc4ca35cf
Yōjūden@妖獣伝,youjuuden,Japan,1986,Irem,Irem,#input:joystick>8:buttons>2 #players:2:alt #search:tate>ccw #genre:action>runandgun #arcadeboard:irem>m62 #mameparent,youjyudn.zip,ffba8a6aa4a88a092bfb8d52fbea95a6,30f7f416eb63a0d30fc6121d5de3bc4f8eccfeaf,9c93358737cc69d62d0575251cd8d6c04a8868749622e4c93ecc6bb58f3ea101,34ecd40c251368867fca3d6e6751efb800fa7923e4671f4e1be942370a74a7050446f579802ca111b01a3288ba80d4a667cd8666aea8744c248b8cf55483e8b1
Zippy Race / Traverse USA,zippyrace,World,1983,Irem/Brøderbund,Irem,#input:joystick>2h:buttons>2 #players:2:alt #search:tate>ccw #genre:racing #arcadeboard:irem #mameparent,travrusa.zip,bec9f4f823b8fcb06530ac0f4807fb32,5f224a60931f617bcff9b46618874373c467268a,8f50e2f0fa1ef06aee07425e4523bebc03c285862ed25da4524f6123f3e41e0e,c4e4c6eb2cf812cf13a9b2577acbc269f1d5ff79b4c129bbd86f6d4e8bb525c318e9642a5a146d5827028dbc4f757104290c118e503fdf9d63a6cfec625ec8b2
MotoRace USA,zippyrace,USA,1983,Williams/Irem/Brøderbund,Irem,#input:joystick>2h:buttons>2 #players:2:alt #search:tate>ccw #genre:racing #arcadeboard:irem,motorace.zip|travusa.zip,bec9f4f823b8fcb06530ac0f4807fb32,5f224a60931f617bcff9b46618874373c467268a,8f50e2f0fa1ef06aee07425e4523bebc03c285862ed25da4524f6123f3e41e0e,c4e4c6eb2cf812cf13a9b2577acbc269f1d5ff79b4c129bbd86f6d4e8bb525c318e9642a5a146d5827028dbc4f757104290c118e503fdf9d63a6cfec625ec8b2
MotoTour / Zippy Race,zippyrace,Spain,1983,Tecfri/Irem/Brøderbund,Irem,#input:joystick>2h:buttons>2 #players:2:alt #search:tate>ccw #genre:racing #arcadeboard:irem>m52 #lang:es,mototour.zip|travusa.zip,bec9f4f823b8fcb06530ac0f4807fb32,5f224a60931f617bcff9b46618874373c467268a,8f50e2f0fa1ef06aee07425e4523bebc03c285862ed25da4524f6123f3e41e0e,c4e4c6eb2cf812cf13a9b2577acbc269f1d5ff79b4c129bbd86f6d4e8bb525c318e9642a5a146d5827028dbc4f757104290c118e503fdf9d63a6cfec625ec8b2
