Game title,Original character set,ID,Region,Release date,Developer,Tags,MAME ROM,File hash (MD5 SHA1 SHA256 SHA512)
1941: Counter Attack,,1941,Japan,1990-02,CAPCOM,#2P #8W #2B #tate #coop #shmup #cps #cps1,1941.zip|1941j.zip,3c0808d3e472efc3c8e3bb28691fd5f9 36f70b198e01157b9a68b9f30d13432736930ce0 8e562cacceea51597e1e05eb5af4abdd75c880ce1b171b0f61180b673d2f52cc 350cd7f569b4cc734fb6371f92449e89b3830f946376abdbac74a61eb38368e7366fe3b0d9d01a5dcefeb6e10d0b8acce9f1d67f7a1a57b321b20ab12623d02e
1941: Counter Attack,,1941,USA,1990-02-27,CAPCOM,#2P #8W #2B #tate #coop #shmup #cps #cps1,1941.zip|1941u.zip,3c0808d3e472efc3c8e3bb28691fd5f9 36f70b198e01157b9a68b9f30d13432736930ce0 8e562cacceea51597e1e05eb5af4abdd75c880ce1b171b0f61180b673d2f52cc 350cd7f569b4cc734fb6371f92449e89b3830f946376abdbac74a61eb38368e7366fe3b0d9d01a5dcefeb6e10d0b8acce9f1d67f7a1a57b321b20ab12623d02e
1941: Counter Attack,,1941,World,1990-02,CAPCOM,#2P #8W #2B #tate #coop #shmup #cps #cps1,1941.zip|1941r1.zip,3c0808d3e472efc3c8e3bb28691fd5f9 36f70b198e01157b9a68b9f30d13432736930ce0 8e562cacceea51597e1e05eb5af4abdd75c880ce1b171b0f61180b673d2f52cc 350cd7f569b4cc734fb6371f92449e89b3830f946376abdbac74a61eb38368e7366fe3b0d9d01a5dcefeb6e10d0b8acce9f1d67f7a1a57b321b20ab12623d02e
1941: Counter Attack,,1941,World,1990-02-27,CAPCOM,#2P #8W #2B #tate #coop #shmup #cps #cps1 #mameparent,1941.zip,3c0808d3e472efc3c8e3bb28691fd5f9 36f70b198e01157b9a68b9f30d13432736930ce0 8e562cacceea51597e1e05eb5af4abdd75c880ce1b171b0f61180b673d2f52cc 350cd7f569b4cc734fb6371f92449e89b3830f946376abdbac74a61eb38368e7366fe3b0d9d01a5dcefeb6e10d0b8acce9f1d67f7a1a57b321b20ab12623d02e
Adventure Quiz: CAPCOM World 2,,capcomworld2,Japan,1992-06-11,CAPCOM,#2P #0W #4B #vs #quiz #cps #cps1,cworld2ja.zip|cworld2j.zip,ed83e43d7d5a11990ee8876bac587709 d9dbf49b6daeae346470d299d490c50482e05d55 c3e0742000659f8f0b69029230db67e985ab0f8b2d010a45bf0b1b8dd8b637d3 16b9d3e5249a19b0838b5a31cd18ec4a621d896267ec90398aabcac558c6a846564f7bd96660981cb481fce49a0bbf6cfee90a8bd06920e446ee98a9a4811721
Adventure Quiz: CAPCOM World 2,,capcomworld2,Japan,1992-06-11,CAPCOM,#2P #0W #4B #vs #quiz #cps #cps1,cworld2jb.zip|cworld2j.zip,ed83e43d7d5a11990ee8876bac587709 d9dbf49b6daeae346470d299d490c50482e05d55 c3e0742000659f8f0b69029230db67e985ab0f8b2d010a45bf0b1b8dd8b637d3 16b9d3e5249a19b0838b5a31cd18ec4a621d896267ec90398aabcac558c6a846564f7bd96660981cb481fce49a0bbf6cfee90a8bd06920e446ee98a9a4811721
Adventure Quiz: CAPCOM World 2,,capcomworld2,Japan,1992-06-11,CAPCOM,#2P #0W #4B #vs #quiz #cps #cps1 #mameparent,cworld2j.zip,ed83e43d7d5a11990ee8876bac587709 d9dbf49b6daeae346470d299d490c50482e05d55 c3e0742000659f8f0b69029230db67e985ab0f8b2d010a45bf0b1b8dd8b637d3 16b9d3e5249a19b0838b5a31cd18ec4a621d896267ec90398aabcac558c6a846564f7bd96660981cb481fce49a0bbf6cfee90a8bd06920e446ee98a9a4811721
Area 88,エリア88,area88,Japan,1989-08,CAPCOM,#2P #8W #2B #coop #shmup #cps #cps1,area88.zip|unsquad.zip,9b31bc6ae33f2e9be0f06933d7414206 7b20b234dfdb09c04441c5a19d6be36e8fb5f861 d8b2190352ede25d321afe325422c73c3868fae7a44368c19e0826b99f395a78 419592f178947ecaadf2bdcd3726e72f0d584f90558f6d56b9da140d070beeb71cd8f6cc19ca7b64be60c71b1c12474a22bc3aad829142137cbc921174905c4a
Area 88,エリア88,area88,Japan,1989,CAPCOM,#2P #8W #2B #coop #shmup #cps #cps1,area88r.zip|unsquad.zip,9b31bc6ae33f2e9be0f06933d7414206 7b20b234dfdb09c04441c5a19d6be36e8fb5f861 d8b2190352ede25d321afe325422c73c3868fae7a44368c19e0826b99f395a78 419592f178947ecaadf2bdcd3726e72f0d584f90558f6d56b9da140d070beeb71cd8f6cc19ca7b64be60c71b1c12474a22bc3aad829142137cbc921174905c4a
U.N. Squadron,,area88,USA,1991-09,CAPCOM,#2P #8W #2B #coop #shmup #cps #cps1 #mameparent,unsquad.zip,9b31bc6ae33f2e9be0f06933d7414206 7b20b234dfdb09c04441c5a19d6be36e8fb5f861 d8b2190352ede25d321afe325422c73c3868fae7a44368c19e0826b99f395a78 419592f178947ecaadf2bdcd3726e72f0d584f90558f6d56b9da140d070beeb71cd8f6cc19ca7b64be60c71b1c12474a22bc3aad829142137cbc921174905c4a
Captain Commando,,captaincommando,Japan,1991-09-28,CAPCOM,#2P #8W #2B #coop #brawler #cps #cps1,captcommjr1.zip|captcomm.zip,67ccb20ed2008e0913b4e59b76ff6818 d4155f2d612d24381a654834c22a6f76a26f5646 c72b4600283f2406ddc76b1bc7ff8f86a72bee01ff393e6d09c58d903a98fa05 077c0b1d6c161fcb9b2611ded8d60475aa8493704cfbb068f781c7e6c15d2fa96d637f848df41acdecc513dd2d4947bd8b42ab6f67a61c176642df57aae60843
Captain Commando,,captaincommando,Japan,1991-12-02,CAPCOM,#2P #8W #2B #coop #brawler #cps #cps1,captcommj.zip|captcomm.zip,captcommjr1.zip|captcomm.zip,67ccb20ed2008e0913b4e59b76ff6818 d4155f2d612d24381a654834c22a6f76a26f5646 c72b4600283f2406ddc76b1bc7ff8f86a72bee01ff393e6d09c58d903a98fa05 077c0b1d6c161fcb9b2611ded8d60475aa8493704cfbb068f781c7e6c15d2fa96d637f848df41acdecc513dd2d4947bd8b42ab6f67a61c176642df57aae60843
Captain Commando,,captaincommando,USA,1991-09-28,CAPCOM,#2P #8W #2B #coop #brawler #cps #cps1,captcommu.zip|captcomm.zip,captcommjr1.zip|captcomm.zip,67ccb20ed2008e0913b4e59b76ff6818 d4155f2d612d24381a654834c22a6f76a26f5646 c72b4600283f2406ddc76b1bc7ff8f86a72bee01ff393e6d09c58d903a98fa05 077c0b1d6c161fcb9b2611ded8d60475aa8493704cfbb068f781c7e6c15d2fa96d637f848df41acdecc513dd2d4947bd8b42ab6f67a61c176642df57aae60843
Captain Commando,,captaincommando,World,1991-10-14,CAPCOM,#2P #8W #2B #coop #brawler #cps #cps1,captcommr1.zip|captcomm.zip,captcommjr1.zip|captcomm.zip,67ccb20ed2008e0913b4e59b76ff6818 d4155f2d612d24381a654834c22a6f76a26f5646 c72b4600283f2406ddc76b1bc7ff8f86a72bee01ff393e6d09c58d903a98fa05 077c0b1d6c161fcb9b2611ded8d60475aa8493704cfbb068f781c7e6c15d2fa96d637f848df41acdecc513dd2d4947bd8b42ab6f67a61c176642df57aae60843
Captain Commando,,captaincommando,World,1991-12-02,CAPCOM,#2P #8W #2B #coop #brawler #cps #cps1 #mameparent,captcomm.zip,captcommjr1.zip|captcomm.zip,67ccb20ed2008e0913b4e59b76ff6818 d4155f2d612d24381a654834c22a6f76a26f5646 c72b4600283f2406ddc76b1bc7ff8f86a72bee01ff393e6d09c58d903a98fa05 077c0b1d6c161fcb9b2611ded8d60475aa8493704cfbb068f781c7e6c15d2fa96d637f848df41acdecc513dd2d4947bd8b42ab6f67a61c176642df57aae60843
Chiki Chiki Boys,,chikichikiboys,Japan,1990-06-19,CAPCOM,#2P #8W #3B #coop #platformer #cps #cps1,chikij.zip|mtwins.zip,mtwins.zip,b7d24d990caa9d2006258a6057225d50 39086001d7408ff7fd50f48d5a5e5c49ea40bb9c d16a9a817949ebfb61d5c5528807855269725dc28de9dcd75d9a104be95377d3 9fb4045a85136e4cb27f34152abdf4c19108fa7f19067cd0863525574165e4692ee2ffab8fd1fc6dc6bf2e62d307ca7f01ffdcc69cf7db9bc8f4149f7c5e7562
Mega Twins,,chikichikiboys,World,1990-06-19,CAPCOM,#2P #8W #3B #coop #platformer #cps #cps1 #mameparent,mtwins.zip,b7d24d990caa9d2006258a6057225d50 39086001d7408ff7fd50f48d5a5e5c49ea40bb9c d16a9a817949ebfb61d5c5528807855269725dc28de9dcd75d9a104be95377d3 9fb4045a85136e4cb27f34152abdf4c19108fa7f19067cd0863525574165e4692ee2ffab8fd1fc6dc6bf2e62d307ca7f01ffdcc69cf7db9bc8f4149f7c5e7562
Daimakaimura,大魔界村,daimakaimura,Japan,1988-10-05,CAPCOM,#1P #4W #2B #platformer #cps #cps1,daimakai.zip|ghouls.zip,321baed3315ec62b8b82776122a641be 1275d9691bd14eeadc59d79050eb324857733bee f02f998cc4b170888dd8c3efdcd314248e282c7111a4eb648068fe36d1f6e81e 8dce88acdf7153c71386da8608d1ef0e2d9d92d6d618fa9e73f35596277628affb2455500c14dc87d751d86809a6422ef3338a42048dd4937ba11abc9b5bcf9b
Daimakaimura,大魔界村,daimakaimura,Japan,1988-12,CAPCOM,#1P #4W #2B #platformer #cps #cps1,daimakair.zip|ghouls.zip,321baed3315ec62b8b82776122a641be 1275d9691bd14eeadc59d79050eb324857733bee f02f998cc4b170888dd8c3efdcd314248e282c7111a4eb648068fe36d1f6e81e 8dce88acdf7153c71386da8608d1ef0e2d9d92d6d618fa9e73f35596277628affb2455500c14dc87d751d86809a6422ef3338a42048dd4937ba11abc9b5bcf9b
Ghouls'n Ghosts,,daimakaimura,USA,1988-12,CAPCOM,#1P #4W #2B #platformer #cps #cps1,ghoulsu.zip|ghouls.zip,321baed3315ec62b8b82776122a641be 1275d9691bd14eeadc59d79050eb324857733bee f02f998cc4b170888dd8c3efdcd314248e282c7111a4eb648068fe36d1f6e81e 8dce88acdf7153c71386da8608d1ef0e2d9d92d6d618fa9e73f35596277628affb2455500c14dc87d751d86809a6422ef3338a42048dd4937ba11abc9b5bcf9b
Ghouls'n Ghosts,,daimakaimura,World,1988-12,CAPCOM,#1P #4W #2B #platformer #cps #cps1 #mameparent,ghouls.zip,321baed3315ec62b8b82776122a641be 1275d9691bd14eeadc59d79050eb324857733bee f02f998cc4b170888dd8c3efdcd314248e282c7111a4eb648068fe36d1f6e81e 8dce88acdf7153c71386da8608d1ef0e2d9d92d6d618fa9e73f35596277628affb2455500c14dc87d751d86809a6422ef3338a42048dd4937ba11abc9b5bcf9b
Final Fight,,finalfight,Japan,1989-11-25,CAPCOM,#2P #8W #2B #coop #brawler #cps #cps1,ffightj.zip|ffight.zip,db12c617be5acffa8104e8ca3a0239d1 909cc56a8a30c946e38bcec50902b8fa9c314518 064d4cea526a6020f3df4100b46b57dbfc9a9265bfaf77d8ba893137a1fd62bc d6a577b4524c8604f24c0c0a0bd7e2dbab60005659a446dde84d71d2670433fe7a2e95c1421a301582238e05cc20adbd2f8c2962cbed030e3299c3ad41ae1a14
Final Fight,,finalfight,Japan,1990-01-12,CAPCOM,#2P #8W #2B #coop #brawler #cps #cps1,ffightj1.zip|ffight.zip,db12c617be5acffa8104e8ca3a0239d1 909cc56a8a30c946e38bcec50902b8fa9c314518 064d4cea526a6020f3df4100b46b57dbfc9a9265bfaf77d8ba893137a1fd62bc d6a577b4524c8604f24c0c0a0bd7e2dbab60005659a446dde84d71d2670433fe7a2e95c1421a301582238e05cc20adbd2f8c2962cbed030e3299c3ad41ae1a14
Final Fight,,finalfight,Japan,1990-03-05,CAPCOM,#2P #8W #2B #coop #brawler #cps #cps1,ffightj2.zip|ffight.zip,db12c617be5acffa8104e8ca3a0239d1 909cc56a8a30c946e38bcec50902b8fa9c314518 064d4cea526a6020f3df4100b46b57dbfc9a9265bfaf77d8ba893137a1fd62bc d6a577b4524c8604f24c0c0a0bd7e2dbab60005659a446dde84d71d2670433fe7a2e95c1421a301582238e05cc20adbd2f8c2962cbed030e3299c3ad41ae1a14
Final Fight,,finalfight,Japan,1990-04-05,CAPCOM,#2P #8W #2B #coop #brawler #cps #cps1,ffightj3.zip|ffight.zip,db12c617be5acffa8104e8ca3a0239d1 909cc56a8a30c946e38bcec50902b8fa9c314518 064d4cea526a6020f3df4100b46b57dbfc9a9265bfaf77d8ba893137a1fd62bc d6a577b4524c8604f24c0c0a0bd7e2dbab60005659a446dde84d71d2670433fe7a2e95c1421a301582238e05cc20adbd2f8c2962cbed030e3299c3ad41ae1a14
Final Fight,,finalfight,Japan,1990-06-13,CAPCOM,#2P #8W #2B #coop #brawler #cps #cps1,ffightj4.zip|ffight.zip,db12c617be5acffa8104e8ca3a0239d1 909cc56a8a30c946e38bcec50902b8fa9c314518 064d4cea526a6020f3df4100b46b57dbfc9a9265bfaf77d8ba893137a1fd62bc d6a577b4524c8604f24c0c0a0bd7e2dbab60005659a446dde84d71d2670433fe7a2e95c1421a301582238e05cc20adbd2f8c2962cbed030e3299c3ad41ae1a14
Final Fight,,finalfight,USA,1989-12-01,CAPCOM,#2P #8W #2B #coop #brawler #cps #cps1,ffightu.zip|ffight.zip,db12c617be5acffa8104e8ca3a0239d1 909cc56a8a30c946e38bcec50902b8fa9c314518 064d4cea526a6020f3df4100b46b57dbfc9a9265bfaf77d8ba893137a1fd62bc d6a577b4524c8604f24c0c0a0bd7e2dbab60005659a446dde84d71d2670433fe7a2e95c1421a301582238e05cc20adbd2f8c2962cbed030e3299c3ad41ae1a14
Final Fight,,finalfight,USA,1990,CAPCOM,#2P #8W #2B #coop #cps #brawler #cps1,ffightu1.zip|ffight.zip,db12c617be5acffa8104e8ca3a0239d1 909cc56a8a30c946e38bcec50902b8fa9c314518 064d4cea526a6020f3df4100b46b57dbfc9a9265bfaf77d8ba893137a1fd62bc d6a577b4524c8604f24c0c0a0bd7e2dbab60005659a446dde84d71d2670433fe7a2e95c1421a301582238e05cc20adbd2f8c2962cbed030e3299c3ad41ae1a14
Final Fight,,finalfight,USA,1990-01-12,CAPCOM,#2P #8W #2B #coop #brawler #cps #cps1,ffightua.zip|ffight.zip,db12c617be5acffa8104e8ca3a0239d1 909cc56a8a30c946e38bcec50902b8fa9c314518 064d4cea526a6020f3df4100b46b57dbfc9a9265bfaf77d8ba893137a1fd62bc d6a577b4524c8604f24c0c0a0bd7e2dbab60005659a446dde84d71d2670433fe7a2e95c1421a301582238e05cc20adbd2f8c2962cbed030e3299c3ad41ae1a14
Final Fight,,finalfight,USA,1990-04-24,CAPCOM,#2P #8W #2B #coop #brawler #cps #cps1,ffightub.zip|ffight.zip,db12c617be5acffa8104e8ca3a0239d1 909cc56a8a30c946e38bcec50902b8fa9c314518 064d4cea526a6020f3df4100b46b57dbfc9a9265bfaf77d8ba893137a1fd62bc d6a577b4524c8604f24c0c0a0bd7e2dbab60005659a446dde84d71d2670433fe7a2e95c1421a301582238e05cc20adbd2f8c2962cbed030e3299c3ad41ae1a14
Final Fight,,finalfight,USA,1990-06-13,CAPCOM,#2P #8W #2B #coop #brawler #cps #cps1,ffightuc.zip|ffight.zip,db12c617be5acffa8104e8ca3a0239d1 909cc56a8a30c946e38bcec50902b8fa9c314518 064d4cea526a6020f3df4100b46b57dbfc9a9265bfaf77d8ba893137a1fd62bc d6a577b4524c8604f24c0c0a0bd7e2dbab60005659a446dde84d71d2670433fe7a2e95c1421a301582238e05cc20adbd2f8c2962cbed030e3299c3ad41ae1a14
Final Fight,,finalfight,World,1989-12-01,CAPCOM,#2P #8W #2B #coop #brawler #cps #cps1 #mameparent,ffight.zip,db12c617be5acffa8104e8ca3a0239d1 909cc56a8a30c946e38bcec50902b8fa9c314518 064d4cea526a6020f3df4100b46b57dbfc9a9265bfaf77d8ba893137a1fd62bc d6a577b4524c8604f24c0c0a0bd7e2dbab60005659a446dde84d71d2670433fe7a2e95c1421a301582238e05cc20adbd2f8c2962cbed030e3299c3ad41ae1a14
Final Fight,,finalfight,World,1990-01,CAPCOM,#2P #8W #2B #coop #brawler #cps #cps1,ffighta.zip|ffight.zip,db12c617be5acffa8104e8ca3a0239d1 909cc56a8a30c946e38bcec50902b8fa9c314518 064d4cea526a6020f3df4100b46b57dbfc9a9265bfaf77d8ba893137a1fd62bc d6a577b4524c8604f24c0c0a0bd7e2dbab60005659a446dde84d71d2670433fe7a2e95c1421a301582238e05cc20adbd2f8c2962cbed030e3299c3ad41ae1a14
Ganbare! Marine Kun,がんばれ!マリン君,ganbare,Japan,2000-04-11,CAPCOM,#1P #2W #2B #redemption #cps #cps1 #mameparent,ganbare.zip,28a094676503b05bba5638ee55745b47 f0377650866ec58af6afd05e2601d17dd583cbbc d851a6179a8aa1257de60fb4c83e40e4c5399e3db4f294f29c9642daee275036 206ca7e933106a0367a59889485aeeada0a3b3aeb4f31f0862848b8238120f32aec8c958408701396a32b2b557ba13f4e8051e6ac6201ac52f47d62d7b3ec509
Gulun.Pa!,,gulunpa,Japan,1993-12-20,CAPCOM,#2P #8W #2B #vs #puzzle #cps #cps1 #prototype #mameparent,gulunpa.zip,
Ken Sei Mogura: Street Fighter II,拳聖土竜 Street Fighter II,kenseimogura,Japan,1994-04-18,CAPCOM/Togo/Sigma,#2P #0W #6B #vs #mogurataiji #cps #cps1 #mameparent,kenseim.zip,
Knights of the Round,,knightsoftheround,Japan,1991-11-27,CAPCOM,#3P #8W #2B #coop #brawler #cps #cps1,knightsja.zip|knights.zip,defb93bebb1fe6ba9afdeb454c499315 1adbe7c5435f9dccec192ba35aa08e8c0650ad95 bda01ffbf75c30d6ec2a4456d00a087cbe9dadf36e0aa8ad740a1ce118cb2c20 1e650a2bad5b3fed0846a3448ee983b832ac5dd2726ceb0a1a935d53c0d6d53628aaf9c79b46b36e86567ac3d8c67a06f7df9f1e2e620e8f1fdd12042cf6b14f
Knights of the Round,,knightsoftheround,Japan,1991-11-27,CAPCOM,#3P #8W #2B #coop #brawler #cps #cps1,knightsjb.zip|knights.zip,knightsja.zip|knights.zip,defb93bebb1fe6ba9afdeb454c499315 1adbe7c5435f9dccec192ba35aa08e8c0650ad95 bda01ffbf75c30d6ec2a4456d00a087cbe9dadf36e0aa8ad740a1ce118cb2c20 1e650a2bad5b3fed0846a3448ee983b832ac5dd2726ceb0a1a935d53c0d6d53628aaf9c79b46b36e86567ac3d8c67a06f7df9f1e2e620e8f1fdd12042cf6b14f
Knights of the Round,,knightsoftheround,USA,1991-11-27,CAPCOM,#3P #8W #2B #coop #brawler #cps #cps1,knightsu.zip|knights.zip,knightsja.zip|knights.zip,defb93bebb1fe6ba9afdeb454c499315 1adbe7c5435f9dccec192ba35aa08e8c0650ad95 bda01ffbf75c30d6ec2a4456d00a087cbe9dadf36e0aa8ad740a1ce118cb2c20 1e650a2bad5b3fed0846a3448ee983b832ac5dd2726ceb0a1a935d53c0d6d53628aaf9c79b46b36e86567ac3d8c67a06f7df9f1e2e620e8f1fdd12042cf6b14f
Knights of the Round,,knightsoftheround,World,1991-11-27,CAPCOM,#3P #8W #2B #coop #brawler #cps #cps1 #mameparent,knights.zip,knightsja.zip|knights.zip,defb93bebb1fe6ba9afdeb454c499315 1adbe7c5435f9dccec192ba35aa08e8c0650ad95 bda01ffbf75c30d6ec2a4456d00a087cbe9dadf36e0aa8ad740a1ce118cb2c20 1e650a2bad5b3fed0846a3448ee983b832ac5dd2726ceb0a1a935d53c0d6d53628aaf9c79b46b36e86567ac3d8c67a06f7df9f1e2e620e8f1fdd12042cf6b14f
Lost Worlds,,lostworlds,Japan,1988-05-13,CAPCOM,#2P #8W #1B #spinner #coop #shmup #cps #cps1,lostwrldo.zip|forgottn.zip,410c47d45028f36b85084e7c614e2d46 32ebaa25ad5189d05321019c728d61d7c09e8247 9181cb60bc9b3dfa5b7bc72f845778d5aa81e312c6b584d8826163e9bbd5915a 83bff54b5b17850853e4b8f3ec56fd00d2523dc10fc8fd1f4d49b7321936f2a231a686b513d3f64de77d55efad4234eb655bad17d8825d3736aa50b153c1436c
Lost Worlds,,lostworlds,Japan,1988-07,CAPCOM,#2P #8W #1B #spinner #coop #shmup #cps #cps1,lostwrld.zip|forgottn.zip,410c47d45028f36b85084e7c614e2d46 32ebaa25ad5189d05321019c728d61d7c09e8247 9181cb60bc9b3dfa5b7bc72f845778d5aa81e312c6b584d8826163e9bbd5915a 83bff54b5b17850853e4b8f3ec56fd00d2523dc10fc8fd1f4d49b7321936f2a231a686b513d3f64de77d55efad4234eb655bad17d8825d3736aa50b153c1436c
Forgotten Worlds,,lostworlds,USA,1988-05,CAPCOM,#2P #8W #1B #spinner #coop #shmup #cps #cps1,forgottnu.zip|forgottn.zip,410c47d45028f36b85084e7c614e2d46 32ebaa25ad5189d05321019c728d61d7c09e8247 9181cb60bc9b3dfa5b7bc72f845778d5aa81e312c6b584d8826163e9bbd5915a 83bff54b5b17850853e4b8f3ec56fd00d2523dc10fc8fd1f4d49b7321936f2a231a686b513d3f64de77d55efad4234eb655bad17d8825d3736aa50b153c1436c
Forgotten Worlds,,lostworlds,USA,1988-05,CAPCOM,#2P #8W #1B #spinner #coop #shmup #cps #cps1,forgottnua.zip|forgottn.zip,410c47d45028f36b85084e7c614e2d46 32ebaa25ad5189d05321019c728d61d7c09e8247 9181cb60bc9b3dfa5b7bc72f845778d5aa81e312c6b584d8826163e9bbd5915a 83bff54b5b17850853e4b8f3ec56fd00d2523dc10fc8fd1f4d49b7321936f2a231a686b513d3f64de77d55efad4234eb655bad17d8825d3736aa50b153c1436c
Forgotten Worlds,,lostworlds,USA,1988-05,CAPCOM,#2P #8W #1B #spinner #coop #shmup #cps #cps1,forgottnuaa.zip|forgottn.zip,410c47d45028f36b85084e7c614e2d46 32ebaa25ad5189d05321019c728d61d7c09e8247 9181cb60bc9b3dfa5b7bc72f845778d5aa81e312c6b584d8826163e9bbd5915a 83bff54b5b17850853e4b8f3ec56fd00d2523dc10fc8fd1f4d49b7321936f2a231a686b513d3f64de77d55efad4234eb655bad17d8825d3736aa50b153c1436c
Forgotten Worlds,,lostworlds,USA,1988-05,CAPCOM,#2P #8W #1B #spinner #coop #shmup #cps #cps1,forgottnuc.zip|forgottn.zip,410c47d45028f36b85084e7c614e2d46 32ebaa25ad5189d05321019c728d61d7c09e8247 9181cb60bc9b3dfa5b7bc72f845778d5aa81e312c6b584d8826163e9bbd5915a 83bff54b5b17850853e4b8f3ec56fd00d2523dc10fc8fd1f4d49b7321936f2a231a686b513d3f64de77d55efad4234eb655bad17d8825d3736aa50b153c1436c
Forgotten Worlds,,lostworlds,USA,1988-05,CAPCOM,#2P #8W #1B #spinner #coop #shmup #cps #cps1,forgottnue.zip|forgottn.zip,410c47d45028f36b85084e7c614e2d46 32ebaa25ad5189d05321019c728d61d7c09e8247 9181cb60bc9b3dfa5b7bc72f845778d5aa81e312c6b584d8826163e9bbd5915a 83bff54b5b17850853e4b8f3ec56fd00d2523dc10fc8fd1f4d49b7321936f2a231a686b513d3f64de77d55efad4234eb655bad17d8825d3736aa50b153c1436c
Forgotten Worlds,,lostworlds,World,1988-05-13,CAPCOM,#2P #8W #spinner #coop #shmup #cps #cps1,forgottna.zip|forgottn.zip,410c47d45028f36b85084e7c614e2d46 32ebaa25ad5189d05321019c728d61d7c09e8247 9181cb60bc9b3dfa5b7bc72f845778d5aa81e312c6b584d8826163e9bbd5915a 83bff54b5b17850853e4b8f3ec56fd00d2523dc10fc8fd1f4d49b7321936f2a231a686b513d3f64de77d55efad4234eb655bad17d8825d3736aa50b153c1436c
Forgotten Worlds,,lostworlds,World,1988-05,CAPCOM,#2P #8W #spinner #coop #shmup #cps #cps1 #mameparent,forgottn.zip,410c47d45028f36b85084e7c614e2d46 32ebaa25ad5189d05321019c728d61d7c09e8247 9181cb60bc9b3dfa5b7bc72f845778d5aa81e312c6b584d8826163e9bbd5915a 83bff54b5b17850853e4b8f3ec56fd00d2523dc10fc8fd1f4d49b7321936f2a231a686b513d3f64de77d55efad4234eb655bad17d8825d3736aa50b153c1436c
Magic Sword,,magicsword,Japan,1990-06-23,CAPCOM,#2P #8W #2B #coop #hackandslash #cps #cps1,mswordj.zip|msword.zip,0d7b70ced27b0d03572ce528e66bb910 eda0cfe04daa64ac9ee9d811bcb75694758c7c67 bb816397b11f227a56990a2ac7e23220918c94e5c8c83006ed222dd63de6c2a9 90c65b847b934cdd19597b7475a4a998625d8cf5694accac8aa8a80a66e15cc8bb6024f40e69e96002475192e29e8146006c7b3e13d5a46c9165a61165cafca1
Magic Sword: Heroic Fantasy,,magicsword,USA,1990-07-25,CAPCOM,#2P #8W #2B #coop #hackandslash #cps #cps1,mswordu.zip|msword.zip,0d7b70ced27b0d03572ce528e66bb910 eda0cfe04daa64ac9ee9d811bcb75694758c7c67 bb816397b11f227a56990a2ac7e23220918c94e5c8c83006ed222dd63de6c2a9 90c65b847b934cdd19597b7475a4a998625d8cf5694accac8aa8a80a66e15cc8bb6024f40e69e96002475192e29e8146006c7b3e13d5a46c9165a61165cafca1
Magic Sword: Heroic Fantasy,,magicsword,World,1990-06-23,CAPCOM,#2P #8W #2B #coop #hackandslash #cps #cps1,mswordr1.zip|msword.zip,0d7b70ced27b0d03572ce528e66bb910 eda0cfe04daa64ac9ee9d811bcb75694758c7c67 bb816397b11f227a56990a2ac7e23220918c94e5c8c83006ed222dd63de6c2a9 90c65b847b934cdd19597b7475a4a998625d8cf5694accac8aa8a80a66e15cc8bb6024f40e69e96002475192e29e8146006c7b3e13d5a46c9165a61165cafca1
Magic Sword: Heroic Fantasy,,magicsword,World,1990-07-25,CAPCOM,#2P #8W #2B #coop #hackandslash #cps #cps1 #mameparent,msword.zip,0d7b70ced27b0d03572ce528e66bb910 eda0cfe04daa64ac9ee9d811bcb75694758c7c67 bb816397b11f227a56990a2ac7e23220918c94e5c8c83006ed222dd63de6c2a9 90c65b847b934cdd19597b7475a4a998625d8cf5694accac8aa8a80a66e15cc8bb6024f40e69e96002475192e29e8146006c7b3e13d5a46c9165a61165cafca1
Magical Pumpkin: Puroland de Daibōken,マジカルパンプキン ピューロランドでだいぼうけん,magicalpumpkin,Japan,1996-10-31,CAPCOM/Sanrio,#1P #0W #3B #spinner #kiddieride #cps #cps1 #mameparent,mpumpkin.zip,
Nemo,,nemo,Japan,1990-11-20,CAPCOM,#1P #8W #2B #platformer #cps #cps1,nemoj.zip|nemo.zip,2653b7be2a4119d39249309014f39cbd a81f4609a1261b6ce6d5be20c12197c8e515632e 8ba6ee930d69c8de409ff1aab8dc3645baa2f2f3c0c1a8ceb5bfa99b3034ac4e 2f2f1073ec7f7af97777fcf80bfc6722ff576be99f680a407298a862fe7e711c36677c6de5a013f1bee5c915ea1ac324963e25c0d7e20eab9e0c8d55f88513a4
Nemo,,nemo,World,1990-11-09,CAPCOM,#1P #8W #2B #platformer #cps #cps1,nemor1.zip|nemo.zip,2653b7be2a4119d39249309014f39cbd a81f4609a1261b6ce6d5be20c12197c8e515632e 8ba6ee930d69c8de409ff1aab8dc3645baa2f2f3c0c1a8ceb5bfa99b3034ac4e 2f2f1073ec7f7af97777fcf80bfc6722ff576be99f680a407298a862fe7e711c36677c6de5a013f1bee5c915ea1ac324963e25c0d7e20eab9e0c8d55f88513a4
Nemo,,nemo,World,1990-11-30,CAPCOM,#1P #8W #2B #platformer #cps #cps1 #mameparent,nemo.zip,2653b7be2a4119d39249309014f39cbd a81f4609a1261b6ce6d5be20c12197c8e515632e 8ba6ee930d69c8de409ff1aab8dc3645baa2f2f3c0c1a8ceb5bfa99b3034ac4e 2f2f1073ec7f7af97777fcf80bfc6722ff576be99f680a407298a862fe7e711c36677c6de5a013f1bee5c915ea1ac324963e25c0d7e20eab9e0c8d55f88513a4
Pang! 3: Kaitōtachi no Karei na Gogo,Pang! 3 怪盗たちの華麗な午後,pang3,Japan,1995-05-11,CAPCOM/Mitchell,#2P #4W #1B #coop #platformer #cps #cps1,pang3j.zip|pang3.zip,c7b0883aefbca7feead4b65b429db80d ec068645f77f2f96d9dd129af64b3441770097f7 026e9bdf85d19b14c1c5f8d6fe064408f2f2fc661e3f745fa774d889465801d7 7cd36c94763cc0a0f9379f51a96a47d38295596eca005ff2c10037e50ba7b2da0b8528d4ec746a964c0f0bcf15cdc3ae2ef9a20aaaa1bfaecd30d5e33ecb935b
Pang! 3,,pang3,Europe,1995-05-11,CAPCOM/Mitchell,#2P #4W #1B #coop #platformer #cps #cps1,pang3r1.zip|pang3.zip,c7b0883aefbca7feead4b65b429db80d ec068645f77f2f96d9dd129af64b3441770097f7 026e9bdf85d19b14c1c5f8d6fe064408f2f2fc661e3f745fa774d889465801d7 7cd36c94763cc0a0f9379f51a96a47d38295596eca005ff2c10037e50ba7b2da0b8528d4ec746a964c0f0bcf15cdc3ae2ef9a20aaaa1bfaecd30d5e33ecb935b
Pang! 3,,pang3,Europe,1995-06-01,CAPCOM/Mitchell,#2P #4W #1B #coop #platformer #cps #cps1 #mameparent,pang3.zip,c7b0883aefbca7feead4b65b429db80d ec068645f77f2f96d9dd129af64b3441770097f7 026e9bdf85d19b14c1c5f8d6fe064408f2f2fc661e3f745fa774d889465801d7 7cd36c94763cc0a0f9379f51a96a47d38295596eca005ff2c10037e50ba7b2da0b8528d4ec746a964c0f0bcf15cdc3ae2ef9a20aaaa1bfaecd30d5e33ecb935b
Pokonyan! Balloon,ポコニャン！バルーン,pokonyanballon,Japan,1994-03-22,CAPCOM,#1P #8W #2B #kiddieride #cps #cps1 #mameparent,pokonyan.zip,a6a62edd097ea68dc84ede952ecc5a6c 1912800ecc321d7e31dfbb1878762ebf9ffacae2 cc2f877813ef0069507fcfff0461f77e6b0d78258216d7a40834749494cbcbda 55df85b7ca7126444ff0027d25d4e7e5c1164eb5c5ecb0352f8594fd92b0fd17ba6a4d85ee9c3de447c27b3df1dc9d38acba86a49162164d7026be0c98d6dfa2
Pnickies,ぷにっきいず,pnickies,Japan,1994-06-08,CAPCOM/Compile,#2P #8W #2B #vs #puzzle #cps #cps1 #mameparent,pnickj.zip,ae5e47d1a4941258e4b9f6b031432898 082ca579d52d250c08d1aead400a96de57b0aa36 6065aaed188ec732fe2f0cb207e34bb2089896328fc03c524db59dc4f2359c1a 9e30f5e2b77bddf0bade7be293df9d2bbd33f4c282f178e8321fa83a6c1dd617fb60fb3b65bb1f19e93668de47d9130c1fd03b4f8f2e813a8c6cf431b6f64d01
Quiz & Dragons,,quizdragons,Japan,1994-09-21,CAPCOM,#2P #0W #4B #vs #quiz #cps #cps1,qadjr.zip|qad.zip,7ffa792cf2a8fdaf564c88dd154392b3 f53ddc137fedc635b83bca5b07d586077fc656d1 0f2a54c9639d52120a76154eac2f0531964fbd1f7693614ca7c355468dedf6c5 e0e86ec013f76afc26f94b349dd51c56bd3dc64f87818805532169cf9d9ab8a064498a605b4696ef0ca1bd2c28a8880e609ac6c3338eed04ad97476f76705dc2
Quiz & Dragons: CAPCOM Quiz Game,,quizdragons,USA,1992-07-01,CAPCOM,#2P #0W #4B #vs #quiz #cps #cps1 #mameparent,qad.zip,7ffa792cf2a8fdaf564c88dd154392b3 f53ddc137fedc635b83bca5b07d586077fc656d1 0f2a54c9639d52120a76154eac2f0531964fbd1f7693614ca7c355468dedf6c5 e0e86ec013f76afc26f94b349dd51c56bd3dc64f87818805532169cf9d9ab8a064498a605b4696ef0ca1bd2c28a8880e609ac6c3338eed04ad97476f76705dc2
Quiz Tonosama no Yabō 2: Zenkoku-ban,クイズ殿様の野望2 全国版,quiztonosamanoyabou2,Japan,1995-01-23,CAPCOM,#2P #0W #4B #vs #quiz #cps #cps1 #mameparent,qtono2j.zip,ff9adb5050b6d14009e64202fc90750f b5c1269a9c51e4485d9ae45cb56cf7dd078e39ba f9d80386146c94c522f28a476bfeb60fa37b9ccb6e323a7a6a211c04657d6d69 19188e51aac288f181ba4e674207a064f7b95877d6d7ce5945c646ed94391c1e48d14079e34c766acef1ad7d36032f1644bbead37de04e0df4b2da296897e023
Rockman: The Power Battle,,rockmanthepowerbattle,Japan,1995-09-22,CAPCOM,#2P #8W #3B #vs #fighting #cps #cps1,rockmanj.zip|megaman.zip,f92e1fa9e2197adfa7efc4d6ba0dfc54 38a1187b2c2daf371850147287f2040a18d819ab b80921ef473ebae12f98c8ee1f324b91a2b2b3a0d3aea3c5d98f5f07f1444c8c 70033251a3efbc26235d75f7c8dede65f80062dc5b04abd23fc26872de73617dac9cb8400b0bc1f1e344312fbf33cd256e6cf3da6706dcca830f63150d16072b
Mega Man: The Power Battle,,rockmanthepowerbattle,Asia,1995-10-06,CAPCOM,#2P #8W #3B #vs #fighting #cps #cps1,megamana.zip|megaman.zip,f92e1fa9e2197adfa7efc4d6ba0dfc54 38a1187b2c2daf371850147287f2040a18d819ab b80921ef473ebae12f98c8ee1f324b91a2b2b3a0d3aea3c5d98f5f07f1444c8c 70033251a3efbc26235d75f7c8dede65f80062dc5b04abd23fc26872de73617dac9cb8400b0bc1f1e344312fbf33cd256e6cf3da6706dcca830f63150d16072b
Mega Man: The Power Battle,,rockmanthepowerbattle,USA,1995-10-06,CAPCOM,#2P #8W #3B #vs #fighting #cps #cps1 #mameparent,megaman.zip,f92e1fa9e2197adfa7efc4d6ba0dfc54 38a1187b2c2daf371850147287f2040a18d819ab b80921ef473ebae12f98c8ee1f324b91a2b2b3a0d3aea3c5d98f5f07f1444c8c 70033251a3efbc26235d75f7c8dede65f80062dc5b04abd23fc26872de73617dac9cb8400b0bc1f1e344312fbf33cd256e6cf3da6706dcca830f63150d16072b
Senjō no Ōkami II,戦場の狼II,senjounoookami2,Japan,1990-03-02,CAPCOM,#2P #8W #2B #tate #coop #runandgun #cps #cps1,mercsj.zip|mercs.zip,ab29451c756b3904bf2d6a0d7eec9dd8 a316262456d2c6d8ceb4203a81b7e73105ca4263 349fd006f449a92e1f32caee790e6a7e327247b32a041e1824e2f9104eee299b d61f77b94b66a68b8b55a232571458dd112a83ee52ec34311e76abfb24e7e02f2cd52ffd6891deee318088cb3995402c745ae278b45069dc56b317d05fce30cb
Mercs,,senjounoookami2,USA,1990-03-02,CAPCOM,#2P #8W #2B #tate #coop #runandgun #cps #cps1,mercsur1.zip|mercs.zip,ab29451c756b3904bf2d6a0d7eec9dd8 a316262456d2c6d8ceb4203a81b7e73105ca4263 349fd006f449a92e1f32caee790e6a7e327247b32a041e1824e2f9104eee299b d61f77b94b66a68b8b55a232571458dd112a83ee52ec34311e76abfb24e7e02f2cd52ffd6891deee318088cb3995402c745ae278b45069dc56b317d05fce30cb
Mercs,,senjounoookami2,USA,1990-06-08,CAPCOM,#2P #8W #2B #tate #coop #runandgun #cps #cps1,mercsu.zip|mercs.zip,ab29451c756b3904bf2d6a0d7eec9dd8 a316262456d2c6d8ceb4203a81b7e73105ca4263 349fd006f449a92e1f32caee790e6a7e327247b32a041e1824e2f9104eee299b d61f77b94b66a68b8b55a232571458dd112a83ee52ec34311e76abfb24e7e02f2cd52ffd6891deee318088cb3995402c745ae278b45069dc56b317d05fce30cb
Mercs,,senjounoookami2,World,1990-03-02,CAPCOM,#2P #8W #2B #tate #coop #runandgun #cps #cps1 #mameparent,mercs.zip,ab29451c756b3904bf2d6a0d7eec9dd8 a316262456d2c6d8ceb4203a81b7e73105ca4263 349fd006f449a92e1f32caee790e6a7e327247b32a041e1824e2f9104eee299b d61f77b94b66a68b8b55a232571458dd112a83ee52ec34311e76abfb24e7e02f2cd52ffd6891deee318088cb3995402c745ae278b45069dc56b317d05fce30cb
Street Fighter II: The World Warrior,,streetfighter2ww,Japan,1991-02-14,CAPCOM,#2P #8W #6B #vs #fighting #cps #cps1,sf2ja.zip|sf2.zip,7b62a4094296a814f049bab74cf17b36 5722757c90907750ad01c0d0fbb057700c3b5d7d 80d8631179983af5bccfcd9211f068255848824f9129a1e67297696bc3b032c0 2b1cdfa0de86fe5e18c7596cb1e5b942bcb076cc9aca8542f92d7d9e8a6699b5a1f9dd5bd2d51dd35f90bab899fce582646580369e2e9b03a252c00253d0f2e9
Street Fighter II: The World Warrior,,streetfighter2ww,Japan,1991-03-06,CAPCOM,#2P #8W #6B #vs #fighting #cps #cps1,sf2jc.zip|sf2.zip,7b62a4094296a814f049bab74cf17b36 5722757c90907750ad01c0d0fbb057700c3b5d7d 80d8631179983af5bccfcd9211f068255848824f9129a1e67297696bc3b032c0 2b1cdfa0de86fe5e18c7596cb1e5b942bcb076cc9aca8542f92d7d9e8a6699b5a1f9dd5bd2d51dd35f90bab899fce582646580369e2e9b03a252c00253d0f2e9
Street Fighter II: The World Warrior,,streetfighter2ww,Japan,1991-04-11,CAPCOM,#2P #8W #6B #vs #fighting #cps #cps1,sf2jf.zip|sf2.zip,7b62a4094296a814f049bab74cf17b36 5722757c90907750ad01c0d0fbb057700c3b5d7d 80d8631179983af5bccfcd9211f068255848824f9129a1e67297696bc3b032c0 2b1cdfa0de86fe5e18c7596cb1e5b942bcb076cc9aca8542f92d7d9e8a6699b5a1f9dd5bd2d51dd35f90bab899fce582646580369e2e9b03a252c00253d0f2e9
Street Fighter II: The World Warrior,,streetfighter2ww,Japan,1991-05-22,CAPCOM,#2P #8W #6B #vs #fighting #cps #cps1,sf2jh.zip|sf2.zip,7b62a4094296a814f049bab74cf17b36 5722757c90907750ad01c0d0fbb057700c3b5d7d 80d8631179983af5bccfcd9211f068255848824f9129a1e67297696bc3b032c0 2b1cdfa0de86fe5e18c7596cb1e5b942bcb076cc9aca8542f92d7d9e8a6699b5a1f9dd5bd2d51dd35f90bab899fce582646580369e2e9b03a252c00253d0f2e9
Street Fighter II: The World Warrior,,streetfighter2ww,Japan,1991-12-10,CAPCOM,#2P #8W #6B #vs #fighting #cps #cps1,sf2j.zip|sf2.zip,7b62a4094296a814f049bab74cf17b36 5722757c90907750ad01c0d0fbb057700c3b5d7d 80d8631179983af5bccfcd9211f068255848824f9129a1e67297696bc3b032c0 2b1cdfa0de86fe5e18c7596cb1e5b942bcb076cc9aca8542f92d7d9e8a6699b5a1f9dd5bd2d51dd35f90bab899fce582646580369e2e9b03a252c00253d0f2e9
Street Fighter II: The World Warrior,,streetfighter2ww,Japan,1991-12-10,CAPCOM,#2P #8W #6B #vs #fighting #cps #cps1,sf2j17.zip|sf2.zip,7b62a4094296a814f049bab74cf17b36 5722757c90907750ad01c0d0fbb057700c3b5d7d 80d8631179983af5bccfcd9211f068255848824f9129a1e67297696bc3b032c0 2b1cdfa0de86fe5e18c7596cb1e5b942bcb076cc9aca8542f92d7d9e8a6699b5a1f9dd5bd2d51dd35f90bab899fce582646580369e2e9b03a252c00253d0f2e9
Street Fighter II: The World Warrior,,streetfighter2ww,Japan,1992-03-12,CAPCOM,#2P #8W #6B #vs #fighting #cps #cps1,sf2jl.zip|sf2.zip,7b62a4094296a814f049bab74cf17b36 5722757c90907750ad01c0d0fbb057700c3b5d7d 80d8631179983af5bccfcd9211f068255848824f9129a1e67297696bc3b032c0 2b1cdfa0de86fe5e18c7596cb1e5b942bcb076cc9aca8542f92d7d9e8a6699b5a1f9dd5bd2d51dd35f90bab899fce582646580369e2e9b03a252c00253d0f2e9
Street Fighter II: The World Warrior,,streetfighter2ww,USA,1991-02-06,CAPCOM,#2P #8W #6B #vs #fighting #cps #cps1,sf2ua.zip|sf2.zip,7b62a4094296a814f049bab74cf17b36 5722757c90907750ad01c0d0fbb057700c3b5d7d 80d8631179983af5bccfcd9211f068255848824f9129a1e67297696bc3b032c0 2b1cdfa0de86fe5e18c7596cb1e5b942bcb076cc9aca8542f92d7d9e8a6699b5a1f9dd5bd2d51dd35f90bab899fce582646580369e2e9b03a252c00253d0f2e9
Street Fighter II: The World Warrior,,streetfighter2ww,USA,1991-02-14,CAPCOM,#2P #8W #6B #vs #fighting #cps #cps1,sf2ub.zip|sf2.zip,7b62a4094296a814f049bab74cf17b36 5722757c90907750ad01c0d0fbb057700c3b5d7d 80d8631179983af5bccfcd9211f068255848824f9129a1e67297696bc3b032c0 2b1cdfa0de86fe5e18c7596cb1e5b942bcb076cc9aca8542f92d7d9e8a6699b5a1f9dd5bd2d51dd35f90bab899fce582646580369e2e9b03a252c00253d0f2e9
Street Fighter II: The World Warrior,,streetfighter2ww,USA,1991-03-06,CAPCOM,#2P #8W #6B #vs #fighting #cps #cps1,sf2uc.zip|sf2.zip,7b62a4094296a814f049bab74cf17b36 5722757c90907750ad01c0d0fbb057700c3b5d7d 80d8631179983af5bccfcd9211f068255848824f9129a1e67297696bc3b032c0 2b1cdfa0de86fe5e18c7596cb1e5b942bcb076cc9aca8542f92d7d9e8a6699b5a1f9dd5bd2d51dd35f90bab899fce582646580369e2e9b03a252c00253d0f2e9
Street Fighter II: The World Warrior,,streetfighter2ww,USA,1991-03-18,CAPCOM,#2P #8W #6B #vs #fighting #cps #cps1,sf2ud.zip|sf2.zip,7b62a4094296a814f049bab74cf17b36 5722757c90907750ad01c0d0fbb057700c3b5d7d 80d8631179983af5bccfcd9211f068255848824f9129a1e67297696bc3b032c0 2b1cdfa0de86fe5e18c7596cb1e5b942bcb076cc9aca8542f92d7d9e8a6699b5a1f9dd5bd2d51dd35f90bab899fce582646580369e2e9b03a252c00253d0f2e9
Street Fighter II: The World Warrior,,streetfighter2ww,USA,1991-04-11,CAPCOM,#2P #8W #6B #vs #fighting #cps #cps1,sf2uf.zip|sf2.zip,7b62a4094296a814f049bab74cf17b36 5722757c90907750ad01c0d0fbb057700c3b5d7d 80d8631179983af5bccfcd9211f068255848824f9129a1e67297696bc3b032c0 2b1cdfa0de86fe5e18c7596cb1e5b942bcb076cc9aca8542f92d7d9e8a6699b5a1f9dd5bd2d51dd35f90bab899fce582646580369e2e9b03a252c00253d0f2e9
Street Fighter II: The World Warrior,,streetfighter2ww,USA,1991-05-22,CAPCOM,#2P #8W #6B #vs #fighting #cps #cps1,sf2ug.zip|sf2.zip,7b62a4094296a814f049bab74cf17b36 5722757c90907750ad01c0d0fbb057700c3b5d7d 80d8631179983af5bccfcd9211f068255848824f9129a1e67297696bc3b032c0 2b1cdfa0de86fe5e18c7596cb1e5b942bcb076cc9aca8542f92d7d9e8a6699b5a1f9dd5bd2d51dd35f90bab899fce582646580369e2e9b03a252c00253d0f2e9
Street Fighter II: The World Warrior,,streetfighter2ww,USA,1991-05-22,CAPCOM,#2P #8W #6B #vs #fighting #cps #cps1,sf2uh.zip|sf2.zip,7b62a4094296a814f049bab74cf17b36 5722757c90907750ad01c0d0fbb057700c3b5d7d 80d8631179983af5bccfcd9211f068255848824f9129a1e67297696bc3b032c0 2b1cdfa0de86fe5e18c7596cb1e5b942bcb076cc9aca8542f92d7d9e8a6699b5a1f9dd5bd2d51dd35f90bab899fce582646580369e2e9b03a252c00253d0f2e9
Street Fighter II: The World Warrior,,streetfighter2ww,USA,1991-05-22,CAPCOM,#2P #8W #6B #vs #fighting #cps #cps1,sf2ui.zip|sf2.zip,7b62a4094296a814f049bab74cf17b36 5722757c90907750ad01c0d0fbb057700c3b5d7d 80d8631179983af5bccfcd9211f068255848824f9129a1e67297696bc3b032c0 2b1cdfa0de86fe5e18c7596cb1e5b942bcb076cc9aca8542f92d7d9e8a6699b5a1f9dd5bd2d51dd35f90bab899fce582646580369e2e9b03a252c00253d0f2e9
Street Fighter II: The World Warrior,,streetfighter2ww,USA,1991-10-01,CAPCOM,#2P #8W #6B #vs #fighting #cps #cps1,sf2uk.zip|sf2.zip,7b62a4094296a814f049bab74cf17b36 5722757c90907750ad01c0d0fbb057700c3b5d7d 80d8631179983af5bccfcd9211f068255848824f9129a1e67297696bc3b032c0 2b1cdfa0de86fe5e18c7596cb1e5b942bcb076cc9aca8542f92d7d9e8a6699b5a1f9dd5bd2d51dd35f90bab899fce582646580369e2e9b03a252c00253d0f2e9
Street Fighter II: The World Warrior,,streetfighter2ww,World,1991-01-29,CAPCOM,#2P #8W #6B #vs #fighting #cps #cps1,sf2em.zip|sf2.zip,7b62a4094296a814f049bab74cf17b36 5722757c90907750ad01c0d0fbb057700c3b5d7d 80d8631179983af5bccfcd9211f068255848824f9129a1e67297696bc3b032c0 2b1cdfa0de86fe5e18c7596cb1e5b942bcb076cc9aca8542f92d7d9e8a6699b5a1f9dd5bd2d51dd35f90bab899fce582646580369e2e9b03a252c00253d0f2e9
Street Fighter II: The World Warrior,,streetfighter2ww,World,1991-02-04,CAPCOM,#2P #8W #6B #vs #fighting #cps #cps1,sf2ea.zip|sf2.zip,7b62a4094296a814f049bab74cf17b36 5722757c90907750ad01c0d0fbb057700c3b5d7d 80d8631179983af5bccfcd9211f068255848824f9129a1e67297696bc3b032c0 2b1cdfa0de86fe5e18c7596cb1e5b942bcb076cc9aca8542f92d7d9e8a6699b5a1f9dd5bd2d51dd35f90bab899fce582646580369e2e9b03a252c00253d0f2e9
Street Fighter II: The World Warrior,,streetfighter2ww,World,1991-02-14,CAPCOM,#2P #8W #6B #vs #fighting #cps #cps1,sf2eb.zip|sf2.zip,7b62a4094296a814f049bab74cf17b36 5722757c90907750ad01c0d0fbb057700c3b5d7d 80d8631179983af5bccfcd9211f068255848824f9129a1e67297696bc3b032c0 2b1cdfa0de86fe5e18c7596cb1e5b942bcb076cc9aca8542f92d7d9e8a6699b5a1f9dd5bd2d51dd35f90bab899fce582646580369e2e9b03a252c00253d0f2e9
Street Fighter II: The World Warrior,,streetfighter2ww,World,1991-03-18,CAPCOM,#2P #8W #6B #vs #fighting #cps #cps1,sf2ed.zip|sf2.zip,7b62a4094296a814f049bab74cf17b36 5722757c90907750ad01c0d0fbb057700c3b5d7d 80d8631179983af5bccfcd9211f068255848824f9129a1e67297696bc3b032c0 2b1cdfa0de86fe5e18c7596cb1e5b942bcb076cc9aca8542f92d7d9e8a6699b5a1f9dd5bd2d51dd35f90bab899fce582646580369e2e9b03a252c00253d0f2e9
Street Fighter II: The World Warrior,,streetfighter2ww,World,1991-05-22,CAPCOM,#2P #8W #6B #vs #fighting #cps #cps1 #mameparent,sf2.zip,7b62a4094296a814f049bab74cf17b36 5722757c90907750ad01c0d0fbb057700c3b5d7d 80d8631179983af5bccfcd9211f068255848824f9129a1e67297696bc3b032c0 2b1cdfa0de86fe5e18c7596cb1e5b942bcb076cc9aca8542f92d7d9e8a6699b5a1f9dd5bd2d51dd35f90bab899fce582646580369e2e9b03a252c00253d0f2e9
Street Fighter II': Champion Edition,,streetfighter2dashce,Japan,1992-03-22,CAPCOM,#2P #8W #6B #vs #fighting #cps #cps1,sf2ceja.zip|sf2ce.zip,6adec591d638a2789a5c77ad22a4ba66 2943fde23c6e0b34967c54ebc08e2e7f45f36642 581ebb3b07f41874e91b5336c34cda813847c781fb3992cc5eb0ad44abb31d9c 87e3f629eee1fd9cc0cf917b7af2cb23a30199d577705fe75d03a98afb01baca16e7d6cf05e68e2a4ed496026595a4082e65d90cb24aab591990a0c756eed039
Street Fighter II': Champion Edition,,streetfighter2dashce,Japan,1992-05-13,CAPCOM,#2P #8W #6B #vs #fighting #cps #cps1,sf2cejb.zip|sf2ce.zip,6adec591d638a2789a5c77ad22a4ba66 2943fde23c6e0b34967c54ebc08e2e7f45f36642 581ebb3b07f41874e91b5336c34cda813847c781fb3992cc5eb0ad44abb31d9c 87e3f629eee1fd9cc0cf917b7af2cb23a30199d577705fe75d03a98afb01baca16e7d6cf05e68e2a4ed496026595a4082e65d90cb24aab591990a0c756eed039
Street Fighter II': Champion Edition,,streetfighter2dashce,Japan,1992-08-03,CAPCOM,#2P #8W #6B #vs #fighting #cps #cps1,sf2cejc.zip|sf2ce.zip,6adec591d638a2789a5c77ad22a4ba66 2943fde23c6e0b34967c54ebc08e2e7f45f36642 581ebb3b07f41874e91b5336c34cda813847c781fb3992cc5eb0ad44abb31d9c 87e3f629eee1fd9cc0cf917b7af2cb23a30199d577705fe75d03a98afb01baca16e7d6cf05e68e2a4ed496026595a4082e65d90cb24aab591990a0c756eed039
Street Fighter II': Champion Edition,,streetfighter2dashce,Taiwan,1992-03-13,CAPCOM,#2P #8W #6B #vs #fighting #cps #cps1,sf2cet.zip|sf2ce.zip,6adec591d638a2789a5c77ad22a4ba66 2943fde23c6e0b34967c54ebc08e2e7f45f36642 581ebb3b07f41874e91b5336c34cda813847c781fb3992cc5eb0ad44abb31d9c 87e3f629eee1fd9cc0cf917b7af2cb23a30199d577705fe75d03a98afb01baca16e7d6cf05e68e2a4ed496026595a4082e65d90cb24aab591990a0c756eed039
Street Fighter II': Champion Edition,,streetfighter2dashce,USA,1992-03-13,CAPCOM,#2P #8W #6B #vs #fighting #cps #cps1,sf2ceua.zip|sf2ce.zip,6adec591d638a2789a5c77ad22a4ba66 2943fde23c6e0b34967c54ebc08e2e7f45f36642 581ebb3b07f41874e91b5336c34cda813847c781fb3992cc5eb0ad44abb31d9c 87e3f629eee1fd9cc0cf917b7af2cb23a30199d577705fe75d03a98afb01baca16e7d6cf05e68e2a4ed496026595a4082e65d90cb24aab591990a0c756eed039
Street Fighter II': Champion Edition,,streetfighter2dashce,USA,1992-05-13,CAPCOM,#2P #8W #6B #vs #fighting #cps #cps1,sf2ceub.zip|sf2ce.zip,6adec591d638a2789a5c77ad22a4ba66 2943fde23c6e0b34967c54ebc08e2e7f45f36642 581ebb3b07f41874e91b5336c34cda813847c781fb3992cc5eb0ad44abb31d9c 87e3f629eee1fd9cc0cf917b7af2cb23a30199d577705fe75d03a98afb01baca16e7d6cf05e68e2a4ed496026595a4082e65d90cb24aab591990a0c756eed039
Street Fighter II': Champion Edition,,streetfighter2dashce,USA,1992-08-03,CAPCOM,#2P #8W #6B #vs #fighting #cps #cps1,sf2ceuc.zip|sf2ce.zip,6adec591d638a2789a5c77ad22a4ba66 2943fde23c6e0b34967c54ebc08e2e7f45f36642 581ebb3b07f41874e91b5336c34cda813847c781fb3992cc5eb0ad44abb31d9c 87e3f629eee1fd9cc0cf917b7af2cb23a30199d577705fe75d03a98afb01baca16e7d6cf05e68e2a4ed496026595a4082e65d90cb24aab591990a0c756eed039
Street Fighter II': Champion Edition,,streetfighter2dashce,World,1992-03-13,CAPCOM,#2P #8W #6B #vs #fighting #cps #cps1,sf2ceea.zip|sf2ce.zip,6adec591d638a2789a5c77ad22a4ba66 2943fde23c6e0b34967c54ebc08e2e7f45f36642 581ebb3b07f41874e91b5336c34cda813847c781fb3992cc5eb0ad44abb31d9c 87e3f629eee1fd9cc0cf917b7af2cb23a30199d577705fe75d03a98afb01baca16e7d6cf05e68e2a4ed496026595a4082e65d90cb24aab591990a0c756eed039
Street Fighter II': Champion Edition,,streetfighter2dashce,World,1992-05-13,CAPCOM,#2P #8W #6B #vs #fighting #cps #cps1 #mameparent,sf2ce.zip,6adec591d638a2789a5c77ad22a4ba66 2943fde23c6e0b34967c54ebc08e2e7f45f36642 581ebb3b07f41874e91b5336c34cda813847c781fb3992cc5eb0ad44abb31d9c 87e3f629eee1fd9cc0cf917b7af2cb23a30199d577705fe75d03a98afb01baca16e7d6cf05e68e2a4ed496026595a4082e65d90cb24aab591990a0c756eed039
Street Fighter II' Turbo: Hyper Fighting,,streetfighter2dashturbohf,Japan,1992-12-09,CAPCOM,#2P #8W #6B #vs #fighting #cps #cps1,sf2hfj.zip|sf2hf.zip,9c36f22673a2e9147ac02ef7eb74c9fa aa754252cd4da277f9ebc2e326629fcbf489b666 adcfa06ca237b5c279cfac782fd4fb8b04daaf433c71c0eac57d9a926a01ccfe 3c4569d32231d9f860f7ced44e203f03bb305e6071fa2b7255805c3eca6df22233ea402d7714d1e512d17b359d959b7fa04f38003912768bbc30f28fd4522678
Street Fighter II' Turbo: Hyper Fighting,,streetfighter2dashturbohf,USA,1992-12-09,CAPCOM,#2P #8W #6B #vs #fighting #cps #cps1,sf2hfu.zip|sf2hf.zip,9c36f22673a2e9147ac02ef7eb74c9fa aa754252cd4da277f9ebc2e326629fcbf489b666 adcfa06ca237b5c279cfac782fd4fb8b04daaf433c71c0eac57d9a926a01ccfe 3c4569d32231d9f860f7ced44e203f03bb305e6071fa2b7255805c3eca6df22233ea402d7714d1e512d17b359d959b7fa04f38003912768bbc30f28fd4522678
Street Fighter II' Turbo: Hyper Fighting,,streetfighter2dashturbohf,World,1992-12-09,CAPCOM,#2P #8W #6B #vs #fighting #cps #cps1 #mameparent,sf2hf.zip,9c36f22673a2e9147ac02ef7eb74c9fa aa754252cd4da277f9ebc2e326629fcbf489b666 adcfa06ca237b5c279cfac782fd4fb8b04daaf433c71c0eac57d9a926a01ccfe 3c4569d32231d9f860f7ced44e203f03bb305e6071fa2b7255805c3eca6df22233ea402d7714d1e512d17b359d959b7fa04f38003912768bbc30f28fd4522678
Strider Hiryū,ストライダー飛竜,striderhiryuu,Japan,1989-03-07,CAPCOM,#1P #8W #2B #platformer #cps #cps1,striderj.zip|strider.zip,7b6de232df5a76cc693c5ddbe9e7548e 946d6a1bada36dbd74ea5be8bbec120870df4c2f 63b1c6fbd20079b28ded25de51047a06991af4e272b840dd597243ef75ea4ae6 5795776eaa380bde0312145c6bbde40d2d0f69e142a5a8222c4dd67c4cc1e34ff9b3827ad04fe6b7f023571ecd43c41214851726ba4c1858218acf714148615f
Strider Hiryū,ストライダー飛竜,striderhiryuu,Japan,1989,CAPCOM,#1P #8W #2B #platformer #cps #cps1,striderjr.zip|strider.zip,7b6de232df5a76cc693c5ddbe9e7548e 946d6a1bada36dbd74ea5be8bbec120870df4c2f 63b1c6fbd20079b28ded25de51047a06991af4e272b840dd597243ef75ea4ae6 5795776eaa380bde0312145c6bbde40d2d0f69e142a5a8222c4dd67c4cc1e34ff9b3827ad04fe6b7f023571ecd43c41214851726ba4c1858218acf714148615f
Strider,,striderhiryuu,USA,1989-04,CAPCOM,#1P #8W #2B #platformer #cps #cps1,striderua.zip|strider.zip,7b6de232df5a76cc693c5ddbe9e7548e 946d6a1bada36dbd74ea5be8bbec120870df4c2f 63b1c6fbd20079b28ded25de51047a06991af4e272b840dd597243ef75ea4ae6 5795776eaa380bde0312145c6bbde40d2d0f69e142a5a8222c4dd67c4cc1e34ff9b3827ad04fe6b7f023571ecd43c41214851726ba4c1858218acf714148615f
Strider,,striderhiryuu,USA,1989-04,CAPCOM,#1P #8W #2B #platformer #cps #cps1,strideruc.zip|strider.zip,7b6de232df5a76cc693c5ddbe9e7548e 946d6a1bada36dbd74ea5be8bbec120870df4c2f 63b1c6fbd20079b28ded25de51047a06991af4e272b840dd597243ef75ea4ae6 5795776eaa380bde0312145c6bbde40d2d0f69e142a5a8222c4dd67c4cc1e34ff9b3827ad04fe6b7f023571ecd43c41214851726ba4c1858218acf714148615f
Strider,,striderhiryuu,USA,1989-04,CAPCOM,#1P #8W #2B #platformer #cps #cps1 #mameparent,strider.zip,7b6de232df5a76cc693c5ddbe9e7548e 946d6a1bada36dbd74ea5be8bbec120870df4c2f 63b1c6fbd20079b28ded25de51047a06991af4e272b840dd597243ef75ea4ae6 5795776eaa380bde0312145c6bbde40d2d0f69e142a5a8222c4dd67c4cc1e34ff9b3827ad04fe6b7f023571ecd43c41214851726ba4c1858218acf714148615f
Tenchi wo Kurau,天地を喰らう,tenchiwokurau,Japan,1989-04,CAPCOM,#2P #8W #3B #coop #brawler #cps #cps1,dynwarj.zip|dynwar.zip,380cde51eb508a1589f8a3ad36c88019 e574f3b6100ce15da6046818b2ef59a4a606abd7 33c4c9594f4447f7b27f1f5e46fdbb9f55826f04b95cf5a86bf434b047b99580 c54947cde98c22cedcbb8bb1ade06249e6531d0b8847bcfd3aa0815cd24546d1b575e77af1f95a05e2d6ff35a3be7b2095a75c1431d1fac7e2df43b58670fc93
Tenchi wo Kurau,天地を喰らう,tenchiwokurau,Japan,1989-07,CAPCOM,#2P #8W #3B #coop #brawler #cps #cps1,dynwarjr.zip|dynwar.zip,380cde51eb508a1589f8a3ad36c88019 e574f3b6100ce15da6046818b2ef59a4a606abd7 33c4c9594f4447f7b27f1f5e46fdbb9f55826f04b95cf5a86bf434b047b99580 c54947cde98c22cedcbb8bb1ade06249e6531d0b8847bcfd3aa0815cd24546d1b575e77af1f95a05e2d6ff35a3be7b2095a75c1431d1fac7e2df43b58670fc93
Dynasty Wars,,tenchiwokurau,USA,1989-04,CAPCOM,#2P #8W #3B #coop #brawler #cps #cps1,dynwara.zip|dynwar.zip,380cde51eb508a1589f8a3ad36c88019 e574f3b6100ce15da6046818b2ef59a4a606abd7 33c4c9594f4447f7b27f1f5e46fdbb9f55826f04b95cf5a86bf434b047b99580 c54947cde98c22cedcbb8bb1ade06249e6531d0b8847bcfd3aa0815cd24546d1b575e77af1f95a05e2d6ff35a3be7b2095a75c1431d1fac7e2df43b58670fc93
Dynasty Wars,,tenchiwokurau,USA,1989-04,CAPCOM,#2P #8W #3B #coop #brawler #cps #cps1 #mameparent,dynwar.zip,380cde51eb508a1589f8a3ad36c88019 e574f3b6100ce15da6046818b2ef59a4a606abd7 33c4c9594f4447f7b27f1f5e46fdbb9f55826f04b95cf5a86bf434b047b99580 c54947cde98c22cedcbb8bb1ade06249e6531d0b8847bcfd3aa0815cd24546d1b575e77af1f95a05e2d6ff35a3be7b2095a75c1431d1fac7e2df43b58670fc93
The King of Dragons,,thekingofdragons,Japan,1991-08-05,CAPCOM,#3P #8W #2B #coop #brawler #cps #cps1,kodj.zip|kod.zip,a40920a1ee80d8d03c981b949e43572b d6390cdc3bf48d68e8c666d32ad74fde072a7100 a8f2e9a85c8c9db86d6115ae97dc977870fa01454acf0230f9e27ad43c899894 c63de15dd4b4aa1730b3ab9ac6d40ed1824cde24328bd9224f4bb5390ee5b2580c2023b50f13042d5a20cec1f863d5fd99a5bda781f3ba18bf826dafc2fb0c40
The King of Dragons,,thekingofdragons,Japan,1991-08-05,CAPCOM,#3P #8W #2B #coop #brawler #cps #cps1,kodja.zip|kod.zip,a40920a1ee80d8d03c981b949e43572b d6390cdc3bf48d68e8c666d32ad74fde072a7100 a8f2e9a85c8c9db86d6115ae97dc977870fa01454acf0230f9e27ad43c899894 c63de15dd4b4aa1730b3ab9ac6d40ed1824cde24328bd9224f4bb5390ee5b2580c2023b50f13042d5a20cec1f863d5fd99a5bda781f3ba18bf826dafc2fb0c40
The King of Dragons,,thekingofdragons,USA,1991-09-10,CAPCOM,#3P #8W #2B #coop #brawler #cps #cps1,kodu.zip|kod.zip,a40920a1ee80d8d03c981b949e43572b d6390cdc3bf48d68e8c666d32ad74fde072a7100 a8f2e9a85c8c9db86d6115ae97dc977870fa01454acf0230f9e27ad43c899894 c63de15dd4b4aa1730b3ab9ac6d40ed1824cde24328bd9224f4bb5390ee5b2580c2023b50f13042d5a20cec1f863d5fd99a5bda781f3ba18bf826dafc2fb0c40
The King of Dragons,,thekingofdragons,World,1991-07-11,CAPCOM,#3P #8W #2B #coop #brawler #cps #cps1,kodr1.zip|kod.zip,a40920a1ee80d8d03c981b949e43572b d6390cdc3bf48d68e8c666d32ad74fde072a7100 a8f2e9a85c8c9db86d6115ae97dc977870fa01454acf0230f9e27ad43c899894 c63de15dd4b4aa1730b3ab9ac6d40ed1824cde24328bd9224f4bb5390ee5b2580c2023b50f13042d5a20cec1f863d5fd99a5bda781f3ba18bf826dafc2fb0c40
The King of Dragons,,thekingofdragons,World,1991-07-31,CAPCOM,#3P #8W #2B #coop #brawler #cps #cps1,kodr2.zip|kod.zip,a40920a1ee80d8d03c981b949e43572b d6390cdc3bf48d68e8c666d32ad74fde072a7100 a8f2e9a85c8c9db86d6115ae97dc977870fa01454acf0230f9e27ad43c899894 c63de15dd4b4aa1730b3ab9ac6d40ed1824cde24328bd9224f4bb5390ee5b2580c2023b50f13042d5a20cec1f863d5fd99a5bda781f3ba18bf826dafc2fb0c40
The King of Dragons,,thekingofdragons,World,1991-08-05,CAPCOM,#3P #8W #2B #coop #brawler #cps #cps1 #mameparent,kod.zip,a40920a1ee80d8d03c981b949e43572b d6390cdc3bf48d68e8c666d32ad74fde072a7100 a8f2e9a85c8c9db86d6115ae97dc977870fa01454acf0230f9e27ad43c899894 c63de15dd4b4aa1730b3ab9ac6d40ed1824cde24328bd9224f4bb5390ee5b2580c2023b50f13042d5a20cec1f863d5fd99a5bda781f3ba18bf826dafc2fb0c40
U.S. Navy,,usnavy,Japan,1990-10-12,CAPCOM,#2P #8W #2B #coop #shmup #cps #cps1,cawingj.zip|cawing.zip,acefdc4eab538793a491e4491d090a09 6ff590944aade021e1b434af5f26d808e615424a 18328c25f6f264656b9881e2c14b295b3ae9b5f6060b657ab1cd4ece98d5b181 b00b7fc950ad0d4a8f73d147f51c4b9812cf199264935b26f1880f70610a271eac32341d784ad278a5fa3bea2c782d3945fe48e8c30fa2ae45c542f41e104fcc
Carrier Air Wing,,usnavy,USA,1990-10-12,CAPCOM,#2P #8W #2B #coop #shmup #cps #cps1,cawingur1.zip|cawing.zip,acefdc4eab538793a491e4491d090a09 6ff590944aade021e1b434af5f26d808e615424a 18328c25f6f264656b9881e2c14b295b3ae9b5f6060b657ab1cd4ece98d5b181 b00b7fc950ad0d4a8f73d147f51c4b9812cf199264935b26f1880f70610a271eac32341d784ad278a5fa3bea2c782d3945fe48e8c30fa2ae45c542f41e104fcc
Carrier Air Wing,,usnavy,USA,1990-11-30,CAPCOM,#2P #8W #2B #coop #shmup #cps #cps1,cawingu.zip|cawing.zip,acefdc4eab538793a491e4491d090a09 6ff590944aade021e1b434af5f26d808e615424a 18328c25f6f264656b9881e2c14b295b3ae9b5f6060b657ab1cd4ece98d5b181 b00b7fc950ad0d4a8f73d147f51c4b9812cf199264935b26f1880f70610a271eac32341d784ad278a5fa3bea2c782d3945fe48e8c30fa2ae45c542f41e104fcc
Carrier Air Wing,,usnavy,World,1990-10-09,CAPCOM,#2P #8W #2B #coop #shmup #cps #cps1,cawingr1.zip|cawing.zip,acefdc4eab538793a491e4491d090a09 6ff590944aade021e1b434af5f26d808e615424a 18328c25f6f264656b9881e2c14b295b3ae9b5f6060b657ab1cd4ece98d5b181 b00b7fc950ad0d4a8f73d147f51c4b9812cf199264935b26f1880f70610a271eac32341d784ad278a5fa3bea2c782d3945fe48e8c30fa2ae45c542f41e104fcc
Carrier Air Wing,,usnavy,World,1990-10-12,CAPCOM,#2P #8W #2B #coop #shmup #cps #cps1 #mameparent,cawing.zip,acefdc4eab538793a491e4491d090a09 6ff590944aade021e1b434af5f26d808e615424a 18328c25f6f264656b9881e2c14b295b3ae9b5f6060b657ab1cd4ece98d5b181 b00b7fc950ad0d4a8f73d147f51c4b9812cf199264935b26f1880f70610a271eac32341d784ad278a5fa3bea2c782d3945fe48e8c30fa2ae45c542f41e104fcc
Varth: Operation Thunderstorm,,varth,Japan,1992-07-14,CAPCOM,#2P #8W #2B #tate #coop #shmup #cps #cps1,varthj.zip|varth.zip,cb51cadfb37f76e9a73234ce3bd9a8f0 1b1b3faa1f01daf5baf56c83918aee5f29069833 e46fa3ef6a92c71be5d48095c2fecc3cdeec57f8fa76605069eab3b054c1881b ea7fd2af34bd86e4d90ed59b81da4848ee21149b41deb0821adb7711ceb202c672cd018670cee448bf4df2c18e731db7c0a086996a45a059c35b964693d96ef1
Varth: Operation Thunderstorm,,varth,Japan,1992-07-14,CAPCOM,#2P #8W #2B #tate #coop #shmup #cps #cps1,varthjr.zip|varth.zip,cb51cadfb37f76e9a73234ce3bd9a8f0 1b1b3faa1f01daf5baf56c83918aee5f29069833 e46fa3ef6a92c71be5d48095c2fecc3cdeec57f8fa76605069eab3b054c1881b ea7fd2af34bd86e4d90ed59b81da4848ee21149b41deb0821adb7711ceb202c672cd018670cee448bf4df2c18e731db7c0a086996a45a059c35b964693d96ef1
Varth: Operation Thunderstorm,,varth,USA,1992-06-12,CAPCOM,#2P #8W #2B #tate #coop #shmup #cps #cps1,varthu.zip|varth.zip,cb51cadfb37f76e9a73234ce3bd9a8f0 1b1b3faa1f01daf5baf56c83918aee5f29069833 e46fa3ef6a92c71be5d48095c2fecc3cdeec57f8fa76605069eab3b054c1881b ea7fd2af34bd86e4d90ed59b81da4848ee21149b41deb0821adb7711ceb202c672cd018670cee448bf4df2c18e731db7c0a086996a45a059c35b964693d96ef1
Varth: Operation Thunderstorm,,varth,World,1992-06-12,CAPCOM,#2P #8W #2B #tate #coop #shmup #cps #cps1,varthr1.zip|varth.zip,cb51cadfb37f76e9a73234ce3bd9a8f0 1b1b3faa1f01daf5baf56c83918aee5f29069833 e46fa3ef6a92c71be5d48095c2fecc3cdeec57f8fa76605069eab3b054c1881b ea7fd2af34bd86e4d90ed59b81da4848ee21149b41deb0821adb7711ceb202c672cd018670cee448bf4df2c18e731db7c0a086996a45a059c35b964693d96ef1
Varth: Operation Thunderstorm,,varth,World,1992-07-14,CAPCOM,#2P #8W #2B #tate #coop #shmup #cps #cps1 #mameparent,varth.zip,cb51cadfb37f76e9a73234ce3bd9a8f0 1b1b3faa1f01daf5baf56c83918aee5f29069833 e46fa3ef6a92c71be5d48095c2fecc3cdeec57f8fa76605069eab3b054c1881b ea7fd2af34bd86e4d90ed59b81da4848ee21149b41deb0821adb7711ceb202c672cd018670cee448bf4df2c18e731db7c0a086996a45a059c35b964693d96ef1
Willow,,willow,Japan,1989-06,CAPCOM,#1P #8W #2B #platformer #cps #cps1,willowj.zip|willow.zip,1d69f9f5dcc2bf3071ee747d31ab92b3 a2f1b1a8d71909f49dc6179f0552ec9b63a3e777 e28ced6ac05e6f0fb93fc655c78418f2d3e0b4803da89ceda15fd6f1ddab9b99 77d06fe0bbe2985d7ca19d185a280df191579933e56554884971a13b38f332d2fa028c29cdba3448c03dac51334311aa813d4bb252c6ec5aa69fb9c5c0525b63
Willow,,willow,USA,1989-06,CAPCOM,#1P #8W #2B #platformer #cps #cps1,willowuo.zip|willow.zip,1d69f9f5dcc2bf3071ee747d31ab92b3 a2f1b1a8d71909f49dc6179f0552ec9b63a3e777 e28ced6ac05e6f0fb93fc655c78418f2d3e0b4803da89ceda15fd6f1ddab9b99 77d06fe0bbe2985d7ca19d185a280df191579933e56554884971a13b38f332d2fa028c29cdba3448c03dac51334311aa813d4bb252c6ec5aa69fb9c5c0525b63
Willow,,willow,USA,1989-09,CAPCOM,#1P #8W #2B #platformer #cps #cps1,willowu.zip|willow.zip,1d69f9f5dcc2bf3071ee747d31ab92b3 a2f1b1a8d71909f49dc6179f0552ec9b63a3e777 e28ced6ac05e6f0fb93fc655c78418f2d3e0b4803da89ceda15fd6f1ddab9b99 77d06fe0bbe2985d7ca19d185a280df191579933e56554884971a13b38f332d2fa028c29cdba3448c03dac51334311aa813d4bb252c6ec5aa69fb9c5c0525b63
Willow,,willow,World,1989,CAPCOM,#1P #8W #2B #platformer #multigame #platformer #shmup #puzzle #cps #cps1 #mameparent,willow.zip,1d69f9f5dcc2bf3071ee747d31ab92b3 a2f1b1a8d71909f49dc6179f0552ec9b63a3e777 e28ced6ac05e6f0fb93fc655c78418f2d3e0b4803da89ceda15fd6f1ddab9b99 77d06fe0bbe2985d7ca19d185a280df191579933e56554884971a13b38f332d2fa028c29cdba3448c03dac51334311aa813d4bb252c6ec5aa69fb9c5c0525b63
Wonder 3,,wonder3,Japan,1991-05-20,CAPCOM,#2P #8W #2B #coop #multigame #platformer #shmup #puzzle #cps #cps1,wonder3.zip|3wonders.zip,c4b8b023b941fe367e4c6cb6a32b2e3a e3bb7669cbfcf31a321533b29b5c75aeffc7b86d 83b381b12270ab3ea478245640302e19d5657aebb46369afff5336698bcb8659 fb5741d5dfd5a8828b631c8f7aaf97bb97d20ea161af9f3ca546623a99e0ff792682484d52520d834f9f48fefe28177d71248ec79f269dc9cc11ef011c376982
Three Wonders,,wonder3,World,1991-05-13,CAPCOM,#2P #8W #2B #coop #multigame #platformer #shmup #puzzle #cps #cps1,3wondersr1.zip|3wonders.zip,c4b8b023b941fe367e4c6cb6a32b2e3a e3bb7669cbfcf31a321533b29b5c75aeffc7b86d 83b381b12270ab3ea478245640302e19d5657aebb46369afff5336698bcb8659 fb5741d5dfd5a8828b631c8f7aaf97bb97d20ea161af9f3ca546623a99e0ff792682484d52520d834f9f48fefe28177d71248ec79f269dc9cc11ef011c376982
Three Wonders,,wonder3,World,1991-05-20,CAPCOM,#2P #8W #2B #coop #multigame #platformer #shmup #puzzle #cps #cps1 #mameparent,3wonders.zip,c4b8b023b941fe367e4c6cb6a32b2e3a e3bb7669cbfcf31a321533b29b5c75aeffc7b86d 83b381b12270ab3ea478245640302e19d5657aebb46369afff5336698bcb8659 fb5741d5dfd5a8828b631c8f7aaf97bb97d20ea161af9f3ca546623a99e0ff792682484d52520d834f9f48fefe28177d71248ec79f269dc9cc11ef011c376982
