Screen title @ Exact,Commercial title @ Exact,ID,Region,Release date,Developer,Publisher,Tags,MD5,SHA1,SHA256,SHA512
BS Bokujō Monogatari (Dai-1-wa)@BS 牧場物語 (第1話),,bsbokujoumonogatari,Japan,1996-09-02,Amccus/Team Y&M,Nintendo,#players:1 #genre:sim>farm #addon:online>satellaview:mouse>sfc #compatibility:superfamicom>soundlink #lang:ja,,,,
BS Bokujō Monogatari (Dai-2-wa)@BS 牧場物語 (第2話),,bsbokujoumonogatari,Japan,1996-09-09,Amccus/Team Y&M,Nintendo,#players:1 #genre:sim>farm #addon:online>satellaview:mouse>sfc #compatibility:superfamicom>soundlink #lang:ja,399660ec596d84d98c84fd7dd089c8d9,2f15cf736d7370646cfbd825e6d66efa0e6deb04,4c8e360696a2f0424e68e3d1632dd82ab2343e6a75fe5dc548f3b7a83afbd131,f89a472c7bde758a45f8cc4979db8defee09358896c147b71b578fee3151f187d82aa73c53028284aa6755f5af2a6ab9c246fe9890cb72f6544db905f1f78dd9
BS Bokujō Monogatari (Dai-3-wa)@BS 牧場物語 (第3話),,bsbokujoumonogatari,Japan,1996-09-16,Amccus/Team Y&M,Nintendo,#players:1 #genre:sim>farm #addon:online>satellaview:mouse>sfc #compatibility:superfamicom>soundlink #lang:ja,,,,
BS Bokujō Monogatari (Dai-4-wa)@BS 牧場物語 (第4話),,bsbokujoumonogatari,Japan,1996-09-23,Amccus/Team Y&M,Nintendo,#players:1 #genre:sim>farm #addon:online>satellaview:mouse>sfc #compatibility:superfamicom>soundlink #lang:ja,8838b2cd2e2a816ed8fefce98cbc7ebc,6011df3c53de919fcf2e6fd104d5ea1b7a0cb3d6,4027cbdcd55ddf753dd7e15db949d535d0856061c2cc8ab5d60203a8b9031979,c3b6ea7bf6b8307fa5915efce83172c15b42c2dfd971639e203cb2af27a81e1b14d44ca6eba89070b49a3e5ebdb8cfa9605da0aa0f967f6d22e70c2a785a1a03
BS Dragon Quest I (Dai-1-wa)@BS Dragon Quest I ドラゴンクエスト　(第1話),,dragonquest,Japan,1996-02-04,Enix,Nintendo,#players:1 #genre:rpg>j #addon:online>satellaview #save:backup #compatibility:superfamicom>soundlink #port:nintendo>famicom #lang:ja,dc0d0a1580fb5dd535dd549f541877dc,89b291a13635a1719907d9519562da83649b7a28,a013c8bde562980da9cb21b47e7d37ee849d781b68aedf5044602773d1bbfaab,434a6a5099cb85aa4489b3b06bc8c94d1d4d0c815e59794b3d3a46791f41d9b23d20e88d0308a8fa77a9e731006e79ea1e49221f3b01c5d98296134c966727a4
BS Dragon Quest I (Dai-2-wa)@BS Dragon Quest I ドラゴンクエスト　(第2話),,dragonquest,Japan,1996-02-11,Enix,Nintendo,#players:1 #genre:rpg>j #addon:online>satellaview #save:backup #compatibility:superfamicom>soundlink #port:nintendo>famicom #lang:ja,,,,
BS Dragon Quest I (Dai-3-wa)@BS Dragon Quest I ドラゴンクエスト　(第3話),,dragonquest,Japan,1996-02-18,Enix,Nintendo,#players:1 #genre:rpg>j #addon:online>satellaview #save:backup #compatibility:superfamicom>soundlink #port:nintendo>famicom #lang:ja,,,,
BS Dragon Quest I (Dai-4-wa)@BS Dragon Quest I ドラゴンクエスト　(第4話),,dragonquest,Japan,1996-02-25,Enix,Nintendo,#players:1 #genre:rpg>j #addon:online>satellaview #save:backup #compatibility:superfamicom>soundlink #port:nintendo>famicom #lang:ja,,,,
BS Fire Emblem: Akaneia Senki Hen (Dai-1-wa: Palace Kanraku) (4-4)@BS ファイアーエムブレム アカネイア戦記編 (第1話 パレス陥落) (4-4),,bsfireemblem,Japan,1997-09-28,Intelligent Systems,Nintendo,#players:1 #genre:rpg>s #addon:online>satellaview #compatibility:superfamicom>soundlink #lang:ja,d329ea8cafe57fc02678f61725eb464a,da2c02ff04d454a183c9e07df5323adfe0961ce8,bd11e6b8d9bb2a7d20fd31d894e052e4f4718dd6db94cca317fbbd104f5b3d9d,fa024370747c4954f52ed50b12699f741f119c73ca4be2b989556fb19e3ea8d3a9ac4caefb529aec55297cf68c058ed884145f7108bd6f56901f0503d84590d5
BS Fire Emblem: Akaneia Senki Hen (Dai-1-wa: Palace Kanraku) (9-29)@BS ファイアーエムブレム アカネイア戦記編 (第1話 パレス陥落) (9-29),,bsfireemblem,Japan,1997-09-28,Intelligent Systems,Nintendo,#players:1 #genre:rpg>s #addon:online>satellaview #compatibility:superfamicom>soundlink #lang:ja,a919f44e13fb564066e36840136ef42a,f279a35711fe3118234c1c114d2733dd12af88c3,7b21a43dc4c5125f5dc12f3f4b4a691d2e6f9f58181dcdc2fb889c11f1fedc10,5d81bbc195c21910361e1ce67e8970268d200b5e6836e5c2e7649a99ef258c63df39df0cc83701454e3b0c1fb05f0a35fdfa7c790565c0e9fc60c56bc71a6306
BS Fire Emblem: Akaneia Senki Hen (Dai-2-wa: Akai Ryū Kishi)@BS ファイアーエムブレム アカネイア戦記編 (第2話 赤い竜騎士),,bsfireemblem,Japan,1997-10-05,Intelligent Systems,Nintendo,#players:1 #genre:rpg>s #addon:online>satellaview #compatibility:superfamicom>soundlink #lang:ja,204c828dcdefb7abea0a2fc246e23c13,2fe5509dcff4c50d3d355172c31a6906956c6a64,065b0d79f59e7ca1b0bbd32cfdc2f05477f4201db701dafc14589612a0afa43c,474d1df2440d8a0cefdcc696cef0c92ea51a922b7a0e629539bed93ec5e3b54b9f08d508e71523fa0df5f380f5d21a6d5ec293e6c5cb133f2b98c9a7e67eea78
BS Fire Emblem: Akaneia Senki Hen (Dai-3-wa: Seigi no Tōzokudan)@BS ファイアーエムブレム アカネイア戦記編 (第3話 正義の盗賊団),,bsfireemblem,Japan,1997-10-12,Intelligent Systems,Nintendo,#players:1 #genre:rpg>s #addon:online>satellaview #compatibility:superfamicom>soundlink #lang:ja,91bbc9fd486e37d54c0cb09bae8d65a5,8d45cca2711f43e5877e4a45d9291d2cb774f00a,df95f233f08ac512706ffcc2f37b6ca5ac7b0f6118d866bf32ef3dbedd994fcb,15d3e89afb0937f0856df5e9f3c1fd635e688aa34dd3daa4d2d85943be5c1ee061b74da0458c657b28d342b29caadfd01e7279cc7941db87347dc28a6a121d23
BS Fire Emblem: Akaneia Senki Hen (Dai-4-wa: Hajimari no Toki) (4-28)@BS ファイアーエムブレム アカネイア戦記編 (第4話 始まりのとき) (4-28),,bsfireemblem,Japan,1997-10-19,Intelligent Systems,Nintendo,#players:1 #genre:rpg>s #addon:online>satellaview #compatibility:superfamicom>soundlink #lang:ja,d58b996cb4672bee231e5de5e53d0b68,e02963097da96d80c278513bed6ee49b5e508c99,0412b56da2d3113afc45cd8248e2e1d1f3da9db2804d36a123f48993a23677ac,04b35ca4dc8e6f8cca386b6d28608ea340c6d65a5f97508b4523e3f7d3937bf106145d6311cc5c94e345b50d263d48caf32187aed7c5f5ee053a191875c1a0d8
BS Fire Emblem: Akaneia Senki Hen (Dai-4-wa: Hajimari no Toki) (4-29)@BS ファイアーエムブレム アカネイア戦記編 (第4話 始まりのとき) (4-29),,bsfireemblem,Japan,1997-10-19,Intelligent Systems,Nintendo,#players:1 #genre:rpg>s #addon:online>satellaview #compatibility:superfamicom>soundlink #lang:ja,210b58b71fe979c45490b4ce4f4944de,186b3631067b82f81d2bc23e3080709eaaf3dd2f,0444d19332fe9d631df2fed0f76a1f56ac1ecde746e80e3ca434480f8d0cfc3e,75fe34ca7d28cb8045c0996263c86b45a3203ea7d72c1e7469587e8a0f724d03475b72ab56415bd3aa7f57a9c75c22b8ab9464cedb41ab274d67227f4ad86a07
BS Fūrai no Shiren: Surara o Sukue (Dai-1-shū)@BS 風来のシレン　スララを救え　(第1週),,bsfuurainoshiren,Japan,1996-04-28,Enix,Nintendo,#players:1 #genre:rpg>a #addon:online>satellaview #compatibility:superfamicom>soundlink #lang:ja,,,,
BS Fūrai no Shiren: Surara o Sukue (Dai-2-shū)@BS 風来のシレン　スララを救え　(第2週),,bsfuurainoshiren,Japan,1996-05-05,Enix,Nintendo,#players:1 #genre:rpg>a #addon:online>satellaview #compatibility:superfamicom>soundlink #lang:ja,2a8af53734d57c4ba3b0e409483b75df,dfdd964e323e677fcc3e3807fff8c98ee3aca4b4,f39a1852a9f481d6ea0676bf78bfaf6748d5fbbfb5e3e02c627e855beec1dd86,0ce4969034ef10997e808c2213c18e8c07985ee0e80d48ffc44a03f4016a2263a91c91dff3d0b8f22d05ad2b8e0beb4101390cf93339e1da22630a342fa94049
BS Fūrai no Shiren: Surara o Sukue (Dai-3-shū)@BS 風来のシレン　スララを救え　(第3週),,bsfuurainoshiren,Japan,1996-05-11,Enix,Nintendo,#players:1 #genre:rpg>a #addon:online>satellaview #compatibility:superfamicom>soundlink #lang:ja,,,,
BS Fūrai no Shiren: Surara o Sukue (Dai-4-shū)@BS 風来のシレン　スララを救え　(第4週),,bsfuurainoshiren,Japan,1996-05-19,Enix,Nintendo,#players:1 #genre:rpg>a #addon:online>satellaview #compatibility:superfamicom>soundlink #lang:ja,f72cbcd6d3200f47938b18fad274f56b,a08fb18c3ae0b624653cc8d373e86cfedc1a5bd8,79814f45382a8a8ff112ca3c881f47e138b2c1c9eba65e8023bca9339559ad8d,338f14ef1f448df4c5b43b170ca73e331e07cccb860c5e05ebbb38f2b12c732d6827137d61f3a6ef98c043813543e49f936b5087b79eb577a6079210d1afdfcc
BS F-Zero Grand Prix: Knight League (Dai-1-shū)@BS F-Zero: Knight League (第1週),,bsfzero,Japan,1996-12-29,Nintendo,Nintendo,#players:1 #genre:racing #addon:online>satellaview #compatibility:superfamicom>soundlink #lang:ja,f3cda6f47165db1e1f7f23c4f983e80a,d8940f36d2a8f8a12154ca9ca7575217477c0c9e,2c429068e4cfc7e2d6597ce71cd851dd367399dfa47120372542fe5ed7ba19e1,3bc7c645b142c4bb4419efd73b09b94ad39070c6ea886aa7c2881672b5af17b3f17d032608073e89aa4dfdd63e58b5c8d47dcdfd5d080d5a0dfc485d1326c865
BS F-Zero Grand Prix: Queen League (Dai-2-shū)@BS F-Zero: Queen League (第2週),,bsfzero,Japan,1997-01-05,Nintendo,Nintendo,#players:1 #genre:racing #addon:online>satellaview #compatibility:superfamicom>soundlink #lang:ja,e767a6a198fcc265b80915fb8c6011ba,2201a4bbc06f7880267aab2a05bfc41032394b46,325f5a3b2c3e2c4c1d1b882213ff31899c154028b38624784077a1796b479a75,cc699d389a99a7b52f3a9ad4d4b795fa5305fa6a8e8c77aaa84c1123314d549adec595d18e186eccbb642e90151168dd51bf415340dfb378ea143455abff640a
BS F-Zero Grand Prix: Ace League (Dai-3-shū)@BS F-Zero: Ace League (第3週),,bsfzero,Japan,1997-01-19,Nintendo,Nintendo,#players:1 #genre:racing #addon:online>satellaview #compatibility:superfamicom>soundlink #lang:ja,aa61f7b072173b05a4efb81116d665c1,7177d26581c4e23814cdb05a2867bde723a72e6a,81562709e0144bc73f7c3515d2dc8506b0e23c9236ab59dc36b8be5149aaf6e8,32e2bb4bc9f1bddd28df011ac818b50ae107842c57ac1f441b138d18daa7c2bcb9463d395bef7181ba7a433e3caaba5c4e1bc01dcff40b8b7b76abcd86d4908d
BS F-Zero Grand Prix: King League (Dai-4-shū)@BS F-Zero: King League (第4週),,bsfzero,Japan,1997-01-12,Nintendo,Nintendo,#players:1 #genre:racing #addon:online>satellaview #compatibility:superfamicom>soundlink #lang:ja,a6971afd9854a4bb9b7eeb2e0e454e75,a7e2b57b13b86093d94ae5f09ec618177171d919,caa268f995fe70270853f6021b24fef0ea93767521d886f9913e9bbaee702f52,20f70c9c1895ad5405c4d964343477ee60186021d20dc0a9c02d8b18a8f6d60adba6aaa5b84f751b488c37077d3ad2354183d22da8c69f0167b59220b95c197e
BS F-Zero Grand Prix 2 (Dai-1-shū)@BS F-Zero Grand Prix 2 (第1週),,bsfzero2,Japan,1997-08-10,Nintendo,Nintendo,#players:1 #genre:racing #addon:online>satellaview #lang:ja,,,,
BS F-Zero Grand Prix 2 (Dai-2-shū)@BS F-Zero Grand Prix 2 (第2週),,bsfzero2,Japan,1997-08-17,Nintendo,Nintendo,#players:1 #genre:racing #addon:online>satellaview #lang:ja,,,,
BS F-Zero Grand Prix 2 (Practice) (10-23),,bsfzero2,Japan,,Nintendo,Nintendo,#players:1 #genre:racing #addon:online>satellaview #lang:ja #unfinished:demo,95338a78fb51efc0ae04edfde8034a26,78aef2f69c972e86cd20324ac888558eb9e2f70e,bfaa5e672be19417c99b069e7a8c418bbfa62ce9fea215aa57d98e664ba0b90b,7ea80f7fe361f8610defa9a9b1e3f3d07dece293a0e1fcdafbd3dc35b68169f6e92878271586f5ae4be3103ac3a10014002ea6cd7d5513f11f37593852d2229c
BS F-Zero Grand Prix 2 (Practice) (12-06),,bsfzero2,Japan,,Nintendo,Nintendo,#players:1 #genre:racing #addon:online>satellaview #lang:ja #unfinished:demo,c1008db81315057be63c2901a39eb1fb,cd7a87f884f436494b5c910581eed6086d041336,9dfcf1ea852d44f32a073e9754bf58eb632bf6e1a067687b245ecb9893a454cb,892704189014dfad0987bd84c1db9e843b4067e5c25d2d061f56c6bfafb86e182da12041b30f6164dfde9b61879a2dfd75d72c521c06dac33ee145449a94fe00
BS Ihatovo Monogatari (Dai-1-ya)@BS イーハトーヴォ物語 (第1夜),,bsihatovomonogatari,Japan,1997-03-02,Hect,Nintendo,#players:1 #genre:adventure #addon:online>satellaview #compatibility:superfamicom>soundlink #lang:ja,,,,
BS Ihatovo Monogatari (Dai-2-ya)@BS イーハトーヴォ物語 (第2夜),,bsihatovomonogatari,Japan,1997-03-09,Hect,Nintendo,#players:1 #genre:adventure #addon:online>satellaview #compatibility:superfamicom>soundlink #lang:ja,52a3f714d675db3f128d1a3bce1763a0,74a213230eafac1a58dd33f16299bd5f612d131e,5f238e66d9a91151474f3914030b96bcad258c62d8855857cfed31c6737ffc4d,bc7dba1a9b78498425271ceadee7abf51ab813dc8160a0eaf83e07b8e5e82b0659aca4ce6038ef3f497f9836ce0a911e90487e6b4547e9c64a401aa1f95c51b9
BS Ihatovo Monogatari (Dai-3-ya)@BS イーハトーヴォ物語 (第3夜),,bsihatovomonogatari,Japan,1997-03-16,Hect,Nintendo,#players:1 #genre:adventure #addon:online>satellaview #compatibility:superfamicom>soundlink #lang:ja,,,,
BS Ihatovo Monogatari (Dai-4-ya)@BS イーハトーヴォ物語 (第4夜),,bsihatovomonogatari,Japan,1997-03-23,Hect,Nintendo,#players:1 #genre:adventure #addon:online>satellaview #compatibility:superfamicom>soundlink #lang:ja,,,,
BS Marvelous: Camp Arnold (Dai-1-shū)@BS マーヴェラス キャンプアーノルド (第1週),,bsmarvelouscamparnold,Japan,1996-11-03,Nintendo,Nintendo,#players:1 #genre:rpg>a #addon:online>satellaview #compatibility:superfamicom>soundlink #lang:ja,d595866c4ee6221fbb27d0e02e629999,8d15078191f7b7b49b7dda602207456a7caf3b12,536fffbf52b614f5308f71bfc3de3928da529b18f4482c5f4dd9a7bbfe91f8c9,9a2d7277c05bd19eaffbceabffc62722a7ff199c86b92b970afc518f68c0eb74d823d399d769c193eb3aea4d501b411a848ddf50eb45d5f58e2f43448b911a42
BS Marvelous: Camp Arnold (Dai-2-shū)@BS マーヴェラス キャンプアーノルド (第2週),,bsmarvelouscamparnold,Japan,1996-11-10,Nintendo,Nintendo,#players:1 #genre:rpg>a #addon:online>satellaview #compatibility:superfamicom>soundlink #lang:ja,274a29414e5a7f24d90910a10645c61a,fc3d84ad42ebda1f81ea5620f313675076b2f80b,c327b0365d5ddf2a8ec4e57fa70f7e220ca765ec12c10bb394825069f024f375,319acb5efcc9f7d00bd46ebcc3695cdece61edc4447eb6504b7d99b51b28098d1f8c5720272b9f8da71b963914463fc738c9793c90c48785cb4c95bba0728e2c
BS Marvelous: Camp Arnold (Dai-3-shū)@BS マーヴェラス キャンプアーノルド (第3週),,bsmarvelouscamparnold,Japan,1996-11-17,Nintendo,Nintendo,#players:1 #genre:rpg>a #addon:online>satellaview #compatibility:superfamicom>soundlink #lang:ja,6d2e8480e3a221d5eadcaa0171770b35,c89632aec2699e3adbb449b841ec7c582aac58b2,bab47e3edd1c6dbd7a632b954429019c7645923ae428e06204edfd92daf7b2e0,1b2cd9c5248e21e18a78f00d820a4e9cbf5773e5d881b4845c06c7fcbb6c595f8e478dd91d35163f66e063511858899dba74a6201eef204c8e096ebd11b542b9
BS Marvelous: Camp Arnold (Dai-4-shū)@BS マーヴェラス キャンプアーノルド (第4週),,bsmarvelouscamparnold,Japan,1996-11-24,Nintendo,Nintendo,#players:1 #genre:rpg>a #addon:online>satellaview #compatibility:superfamicom>soundlink #lang:ja,ebcf1a4c0bef82f93236f76cbc462ffa,4a7336cd58e5da4256bb7ac64716bd9fac445be4,30d511fdb273d627943ab518edc7164175fc6f5e7e187db1192353108950379b,14deded161664abca5cbc90c5ee45c0c3447acc195c22abe99ca6c9ddbcdb72647fe5500f4703406bb8a4c1c73f705113156082ccd08b2bfa042fca9d8f2f98b
BS Marvelous: Time Athletic (Dai-1-shū)@BS マーヴェラス タイムアスレチック (第1週),,bsmarveloustimeathletic,Japan,1996-01-07,Nintendo,Nintendo,#players:1 #genre:rpg>a #addon:online>satellaview #compatibility:superfamicom>soundlink #lang:ja,46c5bf023e41d9f806c4b6a8dabef733,4d63a2457303bb55b5f647614c321881155dedaa,6a5a0bd0d79b1a67ad787ab49c54b2424f1e89542e4a6e2d42b33a661447cef6,2d9f5f42773704cd4ce2185d706a3d119a064151730c2a4d6c882b127633923f04593ff9dc8378aeffe4fd39d8e5e0e81c255f042d0da8b382dffec34c272af4
BS Marvelous: Time Athletic (Dai-2-shū)@BS マーヴェラス タイムアスレチック (第2週),,bsmarveloustimeathletic,Japan,1996-01-14,Nintendo,Nintendo,#players:1 #genre:rpg>a #addon:online>satellaview #compatibility:superfamicom>soundlink #lang:ja,3ea370ec21a2a500c912f6f16d19069c,f9347676f342a3d692f1af799ea0b7f84711e80b,72980ba1572deb018bedca3a65dc3319d6758fdea640ec995d01ecf64907ed26,5fa24ccef184591a9ade79d90bbd47a2297168245b44791edf1949170ed76d7b717354890c7cada481b739cc86a34500fd351ead96d321ac372ab9c4b14d49b4
BS Marvelous: Time Athletic (Dai-3-shū)@BS マーヴェラス タイムアスレチック (第3週),,bsmarveloustimeathletic,Japan,1996-01-21,Nintendo,Nintendo,#players:1 #genre:rpg>a #addon:online>satellaview #compatibility:superfamicom>soundlink #lang:ja,fe298ad84369e74488d8811ce9d0053b,6025b65a0aa2b0be7ee6e6b50b09a9295137d85a,912fccfc620f9dc88f18b5cf4cbc0141422142e422adc8337d6264e421a023e7,5e8af85bcc3461b391e09b0db0b5287da9744ae6b6ad1b3056d247f44688bfd75f01d2311333202ac9cae61feb065a7f341f6329eb5bca3cffd6a072c966c0fe
BS Marvelous: Time Athletic (Dai-4-shū)@BS マーヴェラス タイムアスレチック (第4週),,bsmarveloustimeathletic,Japan,1996-01-28,Nintendo,Nintendo,#players:1 #genre:rpg>a #addon:online>satellaview #compatibility:superfamicom>soundlink #lang:ja,220856f75373954fce352c6f5d94b597,374b3edc9e0b0d2438f4457481cbc8095a566cce,f8774dae06a0c1647a3e563c1a6357ca098280cd8de7baa608eafafb166f48cc,05a082859475cc1703673ee687709037da36582460c8786a2bdc7a190ed18517e0fbcf4eece3eb9d44cc3fbc1a1eb81b786a07ac32d272edef26a7822bba8502
BS Nichibutsu Mahjong (Ichimantō)@BS ニチブツマージャン (一萬塔),,bsnichibutsumahjong,Japan,1997-01-26,Nihon Bussan,Nintendo,#players:1 #genre:board>mahjong #addon:online>satellaview #compatibility:superfamicom>soundlink #lang:ja,f7f707838c5d442d0986f0e411d523a5,2a436742d3ac49c79eda1be3ff74c84579738896,5e0f9bf9bd73b20459372689f85bbfdb06204c6b72b3332bcc95fdb0f187f6b5,2839d10f1cb4af1b201560c8cac454195fdb1b0cbde5a406dadec735d4b8b1d406054674435f0f75260c3abff03e2b60fd3a7d16dd2ee92ca9a9101bb6f24d5b
BS Nichibutsu Mahjong (Nimantō)@BS ニチブツマージャン (ニ萬塔),,bsnichibutsumahjong,Japan,1997-02-02,Nihon Bussan,Nintendo,#players:1 #genre:board>mahjong #addon:online>satellaview #compatibility:superfamicom>soundlink #lang:ja,d632edc8cd733894ccf9438a67a98d4b,ba28d3dee878c11a2a83cde7190730b88885b67e,4e73b5721b2f92880a2fe5739c75645985f40d0f7501f16073740dd5b50fb492,924c7d574bc14b611bfddadbb70dc25a9a4f7070df974db577545c2023a5943b9c9748e4b648ed5f13aaaa0f0ad59e80a4954a271aa5c2fe18753a022d72fd3d
BS Parlor! Parlor! (Dai-1-shū)@BS Parlor!パーラー (第1週),,bsparlor,Japan,1998-03-01,Telenet,Nintendo,#players:1 #genre:parlor>pachinko>jackpot #addon:online>satellaview #compatibility:superfamicom>soundlink #lang:ja,b1da15a76b46f6f534c3dd37d183c51e,2d011b6960d1dd75696f61d23ba6b5abe8130234,edfeb794b07c2bab7a8457e9a1bcaf6ffc3a3423d45884017bc0233c61f20f9e,49d2800dc73556e93de4e0e347a1d413468587245a9e64d61ee8021e08884ea63fb3cf70886b336330e4dfd86fe816d4393921dc84d218eb0039b3704706de14
BS Parlor! Parlor! (Dai-2-shū) (3-13)@BS Parlor!パーラー (第2週) (3-13),,bsparlor,Japan,1998-03-08,Telenet,Nintendo,#players:1 #genre:parlor>pachinko>jackpot #addon:online>satellaview #compatibility:superfamicom>soundlink #lang:ja,b1da15a76b46f6f534c3dd37d183c51e,2d011b6960d1dd75696f61d23ba6b5abe8130234,edfeb794b07c2bab7a8457e9a1bcaf6ffc3a3423d45884017bc0233c61f20f9e,49d2800dc73556e93de4e0e347a1d413468587245a9e64d61ee8021e08884ea63fb3cf70886b336330e4dfd86fe816d4393921dc84d218eb0039b3704706de14
BS Parlor! Parlor! (Dai-2-shū) (5-13)@BS Parlor!パーラー (第2週) (5-13),,bsparlor,Japan,1998-03-08,Telenet,Nintendo,#players:1 #genre:parlor>pachinko>jackpot #addon:online>satellaview #compatibility:superfamicom>soundlink #lang:ja,1ebf70be8a08e17f89fa903d017514e8,12acd209c5bd7875b2e01ad25253f96695c3f1b8,183a9fac70c9a335e0b21d449c581b84400ce89ae35be1455cafa478b7e11fb0,46b7a079cb8ce52c45f9721262f0540b0b7cd430cdebd008cc074ad61cdaccc6c285ea95161a30b855c1211c384a734623dd808dd8a3488aaa0859f3671c616c
BS Shin Onigashima (Dai-1-wa)@BS 新・鬼ヶ島 (第1話),,shinonigashima,Japan,1996-09-29,Nintendo,Nintendo,#players:1 #genre:adventure>visualnovel #addon:online>satellaview #compatibility:superfamicom>soundlink #port:nintendo>famicom #lang:ja,ed11cd88da8985aa345e4572c2e45cc8,f842884cebf7e1fee7f23d7dcacecd7a5b01cc35,b64a91ebd64f4f0feb13ca7bca8c382cf495afad7e043c73a26f325e5dbd965a,a4ebe8cea13adba740836b66ad1e03ea4796492d1d4b5f288f1182df8f1e048918d00dd5067d3bf8bf5ca9acc7dfe3780ee9de3de729b1565657e04f9fc22488
BS Shin Onigashima (Dai-2-wa)@BS 新・鬼ヶ島 (第2話),,shinonigashima,Japan,1996-10-06,Nintendo,Nintendo,#players:1 #genre:adventure>visualnovel #addon:online>satellaview #compatibility:superfamicom>soundlink #port:nintendo>famicom #lang:ja,67d0ee2b18c696cf0e611c34ca363a69,a94e9367db4c8af243da85e63142987540e7fb1c,a268df9b6e6033213b6e4f4a339b1632310c1f59395375da6d361b4511c140f4,29fe8eef585b445c908088dcc12dbdd3451b4dcde758b2a924f087f4d0d980fc5db7f5d2be1f8414b3916044250e2b1322f4494ac37494dce60eaa08b96ac17c
BS Shin Onigashima (Dai-3-wa)@BS 新・鬼ヶ島 (第3話),,shinonigashima,Japan,1996-10-13,Nintendo,Nintendo,#players:1 #genre:adventure>visualnovel #addon:online>satellaview #compatibility:superfamicom>soundlink #port:nintendo>famicom #lang:ja,66427eff5c50838769ef499240868c1a,c0546cbaf4780df086f7c9a65b06a701bf318991,61d0177003125ab685260876585f475aa2ae41d84245a7663fdbb407a8fa6b04,43ba46cbd2f810289e3b81497327042e09621189c3a60cb48953d0b84315820ea2fd4b971cc48b7229a535e4e6706265071202e4a11f90c5e174b31c53be0ffc
BS Shin Onigashima (Dai-4-wa)@BS 新・鬼ヶ島 (第4話),,shinonigashima,Japan,1996-10-20,Nintendo,Nintendo,#players:1 #genre:adventure>visualnovel #addon:online>satellaview #compatibility:superfamicom>soundlink #port:nintendo>famicom #lang:ja,73ef2061e65da04d141a2d86836bfa49,20ed8f6e671b63b022919aa9cb56a116c2078e45,196452a995fa16a90471beb5d3d85218cd9fec5b8cafdaebd7d08b8074f0240b,36611cad25c469f2582fd16e81f14528cd0793fd8d62934da81bb25a374e3d4df74543021a01f1cd8a475b705eeb264cc502cca4fd358621b52a467fbd9db5cc
BS Sim City,BS Sim City: Machi Tsukuri Taikai (Scenario 3)@BS SimCity 街作り大会 (シナリオ3),bssimcity,Japan,1996-08-18,Nintendo,Nintendo,#players:1 #genre:sim>building #addon:online>satellaview #compatibility:superfamicom>soundlink #lang:ja,fd2918585a74ecb34a9f036ff77ec529,5169e468c4a54fb262154859f26a2200d1787bc5,85eef3ed7bb921ce9b805b193bf39e3576e4407772de39dc1a760e937ed55308,b9a5b971f93a0a6b974ac2057df8044ead999b99cde89780467f02c7fd9626ecb77d3847944e754810193ab7f81ff163809dd49cf0c191432534b0c2fa901608
BS Super Mario Collection (Dai-3-shū) (1-13)@BS スーパーマリオコレクション (第3週) (1-13),,supermariocollection,Japan,1998-01-11,Nintendo,Nintendo,#players:1 #genre:action>platformer #addon:online>satellaview #search:feature>mario #port:nintendo>famicom #lang:ja,d9b7237f3317f2722e657e803ef45fc9,dac9c624672e91da42811b64d2ca681cc7034ee2,9906f36f8b5dddcdb31024d8a6191a2fb3808a9278a53289b0045f03127cc540,a67f8599d03b7b6b8f342540bc7ea65bdef2d21c9c1eeade0f22270fd364858265eafc9ef4d94cb1c2a5f149f081c811bf2ca4928ec3a9fcaddcae3e2497b101
BS Super Mario Collection (Dai-3-shū) (3-17)@BS スーパーマリオコレクション (第3週) (3-17),,supermariocollection,Japan,1998-01-11,Nintendo,Nintendo,#players:1 #genre:action>platformer #addon:online>satellaview #search:feature>mario #port:nintendo>famicom #lang:ja,c6cc3a6005d8bf1b24185ea9baa21b68,dc46efaea7fa27f514aa04f21c82f33db0930f13,7447dba68ccafcdedeb282ba92df4fb47a76844294afb861de90364b81f8af27,b0d5ffb61960d0e049a109e672522bcc8e6d71d63268e92e771cd95082881813dcbfe1fafe1f0a95ceb325451abd9383725324e89b9eca7493135ca85fb5d042
BS Super Mario USA: Power Challenge: Atashitachi‚ Super-Katherines (Dai-1-kai)@BS スーパーマリオUSA パワーチャレンジ あたしたち、スーパーキャサリンズ (第1回),,yumekoujoudokidokipanic,Japan,1996-03-31,Nintendo,Nintendo,#players:1 #genre:action>platformer #addon:online>satellaview #compatibility:superfamicom>soundlink #search:feature>mario #port:nintendo>famicom #lang:ja,be58760840703a1f1f36b3bfa2e7b108,7dc4d3d2a11f2f4e05d7306053211131b7aa6d9f,39f948b19a6c526dc4b5a78d2a64f31c848ac0a7d58b3f545b5cec18dec64766,aea501900638656bf3ad7ac7b0b8724f1858f76fe22736526f6314948c74453a9f6ade0a241cd213e75aaea40e5c9750f46215bf6ab2383774d35ab12aab12c0
BS Super Mario USA: Power Challenge: Gabucho mo Bikkuri Ryūsa no Himitsu (Dai-2-kai)@BS スーパーマリオUSA パワーチャレンジ ガブチョもびっくり流砂の秘密 (第2回),,yumekoujoudokidokipanic,Japan,1996-04-07,Nintendo,Nintendo,#players:1 #genre:action>platformer #addon:online>satellaview #compatibility:superfamicom>soundlink #search:feature>mario #port:nintendo>famicom #lang:ja,effd7e9360be56da5a9876b45a5989fc,3a64fefc0a2a0c9a666917d0b685474c2073947c,2acf62fefebbd8557794c5c779b4081a4bf9479c8f70888037cf17907d692daf,9679333782843bf06315ccfb77be817a317baab0bc3cf2fe685c3ae60f4e917690ced3b9f2996d5016cda810978b858464669145bdc6a55a2c2bbef6eb0a3d08
BS Super Mario USA: Power Challenge: Koori no Umi de Hiibooboo (Dai-3-kai)@BS スーパーマリオUSA パワーチャレンジ 氷の海でヒーボーボー (第3回),,yumekoujoudokidokipanic,Japan,1996-04-14,Nintendo,Nintendo,#players:1 #genre:action>platformer #addon:online>satellaview #compatibility:superfamicom>soundlink #search:feature>mario #port:nintendo>famicom #lang:ja,62331bfa00172b3e2705dc33dc93e1ee,4078d1756b53c230670bd5ae8285629f6173b373,63276959bf888d159983350157199b325a5ef1b58d4b3b8d2b4b0bf9b4ac59db,3e5e5b51a080b64feca132c592099802f7c9c55004896fa08098ca23868c536daf77f1f5724a3713d09ad1dda3a7d935096c393b7fcb41f509cc05504f821444
BS Super Mario USA: Power Challenge: Mamuu no Wana‚ Ayaushi Super Mario Brothers (Dai-4-kai)@BS スーパーマリオUSA パワーチャレンジ マムーの罠，危うしマリオブラザーズ (第4回),,yumekoujoudokidokipanic,Japan,1996-04-21,Nintendo,Nintendo,#players:1 #genre:action>platformer #addon:online>satellaview #compatibility:superfamicom>soundlink #search:feature>mario #port:nintendo>famicom #lang:ja,f08e24ffd1c2b1f0c85cd81ba72c66bd,0f8cba643d66d8da0d8d05faefcf65a79b081efc,4b550501f40ce3184b8d856d3695517bf5dba128aca16b82971012444d6c35d5,63b5498e60826164e0e211f00dce726a68a37e5b96973e867677bc0061590cc0a8ae289160609f24baa37d9f14e779ec263d7b1031f6b2906007b2bd41310dbf
BS Tantei Club: Yuki ni Kieta Kako (Chūhen)@BS 探偵倶楽部 雪に消えた過去 (後編),,famicomtainteiclubkietakoukeisha,Japan,1997-02-23,Nintendo,Nintendo,#players:1 #genre:adventure>visualnovel #addon:online>satellaview #compatibility:superfamicom>soundlink #port:nintendo>famicom #lang:ja,9dfd7cfe35e6df67a28197c68213ecab,e88c6f7c140c57d6388c18a4c2e9d241779800d1,0779a32b31809c32dec351884f2fab7d55e70512635f9d167bce01ad5e459e69,f782c99019321a550c2f296d24b04b2029e26d22869d9df4aa2304b59d155a03980cd180bfcb48ab7fcc4264ec3a6c1dcd9f79527ecf7fa6140ebe3de3bb8c85
BS Tantei Club: Yuki ni Kieta Kako (Kōhen)@BS 探偵倶楽部 雪に消えた過去 (中編),,famicomtainteiclubkietakoukeisha,Japan,1997-02-16,Nintendo,Nintendo,#players:1 #genre:adventure>visualnovel #addon:online>satellaview #compatibility:superfamicom>soundlink #port:nintendo>famicom #lang:ja,b0cea32bdbc29e8790da7636ccd6a2ff,d61bfb8118c647043525d7e848cc7c5464ce6c17,3572df59ab3e7e1e7bdb8981be50ed742cfe10b533662e4692f49df172a9c0fd,2e3b716351655664bd849793538e32e4019ae9782514b3fa22ea54def5cecf39d52c35b37684f698c4247ce873739e0381709c23c5d965ec605f7212452a3aae
BS Tantei Club: Yuki ni Kieta Kako (Zenpen)@BS 探偵倶楽部 雪に消えた過去 (前編),,famicomtainteiclubkietakoukeisha,Japan,1997-02-09,Nintendo,Nintendo,#players:1 #genre:adventure>visualnovel #addon:online>satellaview #compatibility:superfamicom>soundlink #port:nintendo>famicom #lang:ja,43d983147366f82cfbc2ae1162031449,c082f21c81c0a3648d448e68c0fcf59af8e73a59,3aa00fe6a820255dd98b1f655e7295de3d323c693e8aeb04550c64c8e85c2fab,fc198db823d4cfe3614592f204feb28d90ba3b6885b097b2b18cff5afcd6ca76b3dd7dc964c481673f8313bd2dc04f417e6ca151b1574143fe2f2a40d1e5ac3b
BS Zelda no Densetsu (Dai-1-wa)@BS ゼルダの伝説 (第1話),,zeldanodensetsuthehyrulefantasy,Japan,1995-08-09,Nintendo,Nintendo,#players:1 #genre:rpg>a #addon:online>satellaview #compatibility:superfamicom>soundlink #port:nintendo>famicom #lang:ja,,,,
BS Zelda no Densetsu (Dai-2-wa)@BS ゼルダの伝説 (第2話),,zeldanodensetsuthehyrulefantasy,Japan,1995-08-16,Nintendo,Nintendo,#players:1 #genre:rpg>a #addon:online>satellaview #compatibility:superfamicom>soundlink #port:nintendo>famicom #lang:ja,9519e4ebf147ab68c514e2a23f1b13c9,5b109d1462c1c910ffec5ef609aa5b08cb30181b,2fd291ffe99c37d6107800264a4abbd1349b503cb4aa7a2a93463858177f397b,4aaf0cee3bd3dab287625a055a9174a839dc506f45604e471ff0fcd26f930d4ca6147418e7cf0d9e8bd2ed83f02d08a26b8abd7f3db2a4c2bef654dcf4865c53
BS Zelda no Densetsu (Dai-3-wa)@BS ゼルダの伝説 (第3話),,zeldanodensetsuthehyrulefantasy,Japan,1995-08-23,Nintendo,Nintendo,#players:1 #genre:rpg>a #addon:online>satellaview #compatibility:superfamicom>soundlink #port:nintendo>famicom #lang:ja,719a82679b24fd100ff1f8d4545deaed,32030591534d2de9eacc6ed7a6c7de7c0b2a9071,51202594b4cf39c2211ef6db6780e3fcb67222d819ec6f851d456523e6d673ec,9c526c56db179f35528f7c383f550b7b427e0247e51cf578a8d4dcafa931af6589183520e5366d58ec9caec4a1d7deadfc926b53bfdadb38b60ba0f853c5832d
BS Zelda no Densetsu (Dai-4-wa)@BS ゼルダの伝説 (第4話),,zeldanodensetsuthehyrulefantasy,Japan,1995-08-30,Nintendo,Nintendo,#players:1 #genre:rpg>a #addon:online>satellaview #compatibility:superfamicom>soundlink #port:nintendo>famicom #lang:ja,,,,
BS Zelda no Densetsu: Inishie no Sekiban (Dai-1-wa)@BS ゼルダの伝説 古代の石盤 (第1話),,bszeldanodensestuinishienosekiban,Japan,1997-03-30,Nintendo,Nintendo,#players:1 #genre:rpg>a #addon:online>satellaview #compatibility:superfamicom>soundlink #lang:ja,a90f92a606e342b35aa4bc070cfe3f78,e784f04736f354a05a19a0e86efd8a1f40589aa4,927407d87cd9efef21979b3027bfce26689db7505d03f6611b953507ac4c63b4,4191823e545a04dc9f8a6e40e75502aaf51844400942c42cde6238ee85476f1066aa72ac191a4c18de94e78f0e41c31871818e3fea6e73e513af615535ca76d6
BS Zelda no Densetsu: Inishie no Sekiban (Dai-2-wa)@BS ゼルダの伝説 古代の石盤 (第2話),,bszeldanodensestuinishienosekiban,Japan,1997-04-06,Nintendo,Nintendo,#players:1 #genre:rpg>a #addon:online>satellaview #compatibility:superfamicom>soundlink #lang:ja,f203ab9d9720c2ba8ac8453b0c10553c,0877f63d8d096e7a35a5721ec1e4ce2cb86a7211,a11e285413b57169ccf93a2bd3faea8ee69d39aac4c880ff5f78d3f862f4e02e,89917968522a424e3a6db25b626e22f52b90ed6e1ca74dab2971a8c7fdf1f52ab9ebf3d7eb8ed1f0a55879bfc1cad946ce4f173ddac4c66e6c9639f0f6258199
BS Zelda no Densetsu: Inishie no Sekiban (Dai-3-wa)@BS ゼルダの伝説 古代の石盤 (第3話),,bszeldanodensestuinishienosekiban,Japan,1997-04-13,Nintendo,Nintendo,#players:1 #genre:rpg>a #addon:online>satellaview #compatibility:superfamicom>soundlink #lang:ja,59cee44354ed6fd664236ba9f6b18a63,25efee5199c9da0805306edac3367d60253ea828,bca6044eee447db3ca966732502283b02910adef5a47e000ee266e4e19ee3470,25e9a6a817e1f7ea95621ddc43d76426ec1c87ca95eb945b115028002954a2c0371868aab411975c9aaf62f99d33efd08c7fa2d8fa25d8830d3a08f635b7d78f
BS Zelda no Densetsu: Inishie no Sekiban (Dai-4-wa)@BS ゼルダの伝説 古代の石盤 (第4話),,bszeldanodensestuinishienosekiban,Japan,1997-04-20,Nintendo,Nintendo,#players:1 #genre:rpg>a #addon:online>satellaview #compatibility:superfamicom>soundlink #lang:ja,da4d548e54a593e635e023bbf7db72b1,63c1110e32d4b3b2d6525919e10e50abcc7677a3,4ea3aaf5c441728f949e6e1f15ff6602bad73249fcfffb782059eef904dd252c,652824fc91d8735ecad4944d544ffaf7306f902c90c612fca6d50e238b514ad9eae9bbd060400018ab6e0fc8e962bf52f3c12b83ea25f3f8cda6d58c08b4df71
BS Zelda no Densetsu: Map 2 (Dai-1-wa)@BS ゼルダの伝説 Map 2 (第1話),,zeldanodensetsuthehyrulefantasy,Japan,1995-12-30,Nintendo,Nintendo,#players:1 #genre:rpg>a #addon:online>satellaview #compatibility:superfamicom>soundlink #port:nintendo>famicom #lang:ja,c27473b1936346daac5252742e522f64,5da4901c1dbb1823ad9d296da5215ae810c3f02e,6d5027eee45147fe6417fcde9f788d54b6ed1dd8df9838b854f431082842f857,408568e94e23929659cffd0fad351711ab311b516442bd4b1f7e8b42def855b89fc48ce35b561c27e6786b910e8dabcc8bcbd1e6a57afbcf84e6ca94333f7124
BS Zelda no Densetsu: Map 2 (Dai-2-wa)@BS ゼルダの伝説 Map 2 (第2話),,zeldanodensetsuthehyrulefantasy,Japan,1996-01-01,Nintendo,Nintendo,#players:1 #genre:rpg>a #addon:online>satellaview #compatibility:superfamicom>soundlink #port:nintendo>famicom #lang:ja,,,,
BS Zelda no Densetsu: Map 2 (Dai-3-wa)@BS ゼルダの伝説 Map 2 (第3話),,zeldanodensetsuthehyrulefantasy,Japan,1996-01-03,Nintendo,Nintendo,#players:1 #genre:rpg>a #addon:online>satellaview #compatibility:superfamicom>soundlink #port:nintendo>famicom #lang:ja,,,,
BS Zelda no Densetsu: Map 2 (Dai-4-wa)@BS ゼルダの伝説 Map 2 (第4話),,zeldanodensetsuthehyrulefantasy,Japan,1996-01-05,Nintendo,Nintendo,#players:1 #genre:rpg>a #addon:online>satellaview #compatibility:superfamicom>soundlink #port:nintendo>famicom #lang:ja,401ae46720b0197f5442a82914cfd6c7,4a53e22e2b01f55245112da5bdd24aed7a9f7c10,6a48101f2d10ad04dce3ef06d7e8602887ebeeabf1bb8a8eb766084a34645803,c11497aab108c21ffff7f7380dd8283a751a1d0714202a42c80dd1d9e1dcfecc4624c1c5496975b97e6109d95f3034dc0305e1ec2e0077c7ed06ef0095c46998
Excitebike: Bunbun Mario Battle (Stadium 1)@エキサイトバイク ぶんぶんマリオバトル (スタジアム1),,excitebikebunbunmariobattle,Japan,1997-05-11,Nintendo,Nintendo,#players:1 #genre:racing:sports>motocross #addon:online>satellaview #compatibility:superfamicom>soundlink #search:feature>mario #lang:ja,272968c6a21f5b558dbcaabe09ae693b,c65ccf7c0766b8eb9b8d0d2de339021d5217027f,a22163ddd3d07f01101e885297568d1863db0639e5b1b97fc84dff253dee2089,4bedf090f834ddae9b44606dc50f98bd48519b196ec16763bb24c59578b607527e6938540a411765d4a94764b5b81a48e2fd1c14574101ef9e12901ba8621a78
Excitebike: Bunbun Mario Battle (Stadium 2) (5-18)@エキサイトバイク ぶんぶんマリオバトル (スタジアム2) (5-18),,excitebikebunbunmariobattle,Japan,1997-05-18,Nintendo,Nintendo,#players:1 #genre:racing:sports>motocross #addon:online>satellaview #compatibility:superfamicom>soundlink #search:feature>mario #lang:ja,eded0f4634737a072c1774e649344368,39882254a57f7c71373bfe92ba80b5fda6874f3d,0fd33e2f2d4d6492e0214d93c0b878ce5f81385243525848db8ffc6ade2f32cb,859797f54210307e7d1ef812396eda233b83a8a9a97850746f9854c9f2fbbdc9d35c45229d6a9747ec3a2ed101e3877bc1e3f493f8217f7cdcc574a31358d51d
Excitebike: Bunbun Mario Battle (Stadium 2) (7-6)@エキサイトバイク ぶんぶんマリオバトル (スタジアム2) (7-6),,excitebikebunbunmariobattle,Japan,1997-05-18,Nintendo,Nintendo,#players:1 #genre:racing:sports>motocross #addon:online>satellaview #compatibility:superfamicom>soundlink #search:feature>mario #lang:ja,4dbb2cb2da2057586f8d0f06c6ae7315,964ffe8fdd80f194f076ad066f5c22314a8343b8,a932b8f1858eca86f8c1042fb183281e465e45b7748fb5fa43d199c1bae0780c,b11c92b99af9d8a4172b42829ef1d02370630e59331bddce024669f1d1024ecf503a38dd608aecccbd03a9b64e24bccf5b63ea9505e04a784c52edc2acae75dd
Excitebike: Bunbun Mario Battle (Stadium 3) (01-11)@エキサイトバイク ぶんぶんマリオバトル (スタジアム3) (01-11),,excitebikebunbunmariobattle,Japan,1997-11-02,Nintendo,Nintendo,#players:1 #genre:racing:sports>motocross #addon:online>satellaview #compatibility:superfamicom>soundlink #search:feature>mario #lang:ja,cf9dce0dbf3b8cbafaac39d4380aac2a,7bbfad9261c43ff0c10b8b91bd93e19be6b83428,c9a3d3b122d7bcf65b9e978196d87a1acaa8c607d8352cf486e2995244d323e4,f4af1f859525dc8190754d0ace59cf1c32f430efbbd7955eb35123cd582510a5c423f02fdf3f4c59f289f73e89aaacc0c9240b883e2cdfddffddbf5d480f4d76
Excitebike: Bunbun Mario Battle (Stadium 3) (02-08)@エキサイトバイク ぶんぶんマリオバトル (スタジアム3) (02-08),,excitebikebunbunmariobattle,Japan,1997-11-02,Nintendo,Nintendo,#players:1 #genre:racing:sports>motocross #addon:online>satellaview #compatibility:superfamicom>soundlink #search:feature>mario #lang:ja,ca0811ec969841eaba612c2b59b076d8,c64e0328293058f23027c8c0094c48865f5b7a7f,76069aecca7369e5ad3e7d4242ce5e81e794c4788409cc09eabe013c2fe29b5e,938331f1a27559c5061ba1c0e9f3aea0b41cf6d33cccba88b870bff3fcc7df7dfefe171415a020360b6624652cfd6fb37eccc6fbe3d00aeccb941e589f39d906
Excitebike: Bunbun Mario Battle (Stadium 3) (11-05)@エキサイトバイク ぶんぶんマリオバトル (スタジアム3) (11-05),,excitebikebunbunmariobattle,Japan,1997-11-02,Nintendo,Nintendo,#players:1 #genre:racing:sports>motocross #addon:online>satellaview #compatibility:superfamicom>soundlink #search:feature>mario #lang:ja,b72c19c195c7fcf5a2ffb6822bf9948c,28bf86b4db58b6020e854b6359df9c8b4cd57768,072e053c3fa74fc954b0b1b6e11bdee7219f6323be97abf869f7da3c11ca9247,570b7e8be489be024d3950cfe288970a4b1eee030fa1a03349abb18128e887d100b9847a44c0eb3331c309400d54f3f3d5b8d821856167efa5ae71daf1b74c2e
Excitebike: Bunbun Mario Battle (Stadium 4)@エキサイトバイク ぶんぶんマリオバトル (スタジアム4),,excitebikebunbunmariobattle,Japan,1997-11-09,Nintendo,Nintendo,#players:1 #genre:racing:sports>motocross #addon:online>satellaview #compatibility:superfamicom>soundlink #search:feature>mario #lang:ja,6c5c2343d96bc234a3d8cd37b37b9515,deaca5600afa6f2698f688cceab26efb39d58bfc,d689aacff0aa4b6357ff23de592980b286464be774f6bcdeea7da07d39de00ea,6c4a9d48c1bc1ad2ff70c9d0bd95e2bdc54ae79eea2e949cefc4012c143d2131b03fa15f6f055d609d1c95b687bd668d7621ec00f17a48c5568eca0a627bacfe
Kodomo Chōsadan Mighty Pockets (Chōsa 1)@子供調査団 Mighty Pockets マイティポケッツ (調査1),Kodomo Chōsadan Mighty Pockets: Chōsa 1: Junk-ya Black no Ie@子供調査団 Mighty Pockets マイティポケッツ 調査1 ジャンク屋ブラックの家,kodomochousadanmightypockets,Japan,1997-09-07,Nintendo,Nintendo,#players:1 #genre:board #addon:online>satellaview #compatibility:superfamicom>soundlink #lang:ja,e483a43299c4bc0b75bdd919ba7bf5f4,cc81070dd4c7b6a527eab5ecc65a1c1433eebe5f,f12ce2d6cbd48972629d5269fcdf5e594bfc7c70c39edc4933309166807b337b,8765626b2a73387dbbac25c9788bbb633ec6a3f45482b1f1badb6d9e8e92d4b54270a7b09be2e5ce86d94f9b8f6caaba6eb25e6b8934ee1786601b69d1530491
Kodomo Chōsadan Mighty Pockets (Chōsa 2)@子供調査団 Mighty Pockets マイティポケッツ (調査2),Kodomo Chōsadan Mighty Pockets: Chōsa 2: Hanzai Toshi Big Apple@子供調査団 Mighty Pockets マイティポケッツ 調査2 犯罪都市ビッグアッポー,kodomochousadanmightypockets,Japan,1997-09-14,Nintendo,Nintendo,#players:1 #genre:board #addon:online>satellaview #compatibility:superfamicom>soundlink #lang:ja,b5fe5ae2fa82dbd9220804eb731d97a7,408ac8d9c78dad14f109562fbd3149fe0114fc57,613f56f2eb31af7075934213717cddc1ae4834b2be39d4f0648fd6c542cf4a4c,96d9b09ea850af78b9958827d4f37caa58b47c988b61dd80e04c0b2c55ed413eec4215e523f21ccfb326b0d233d0cb59cef4a1054d8d3ac941e395db4cce92d4
Kodomo Chōsadan Mighty Pockets (Chōsa 3)@子供調査団 Mighty Pockets マイティポケッツ (調査3),Kodomo Chōsadan Mighty Pockets: Chōsa 3: Kyakusen Queen Patra no Nazo@子供調査団 Mighty Pockets マイティポケッツ 調査3 客船クイーンパトラの謎,kodomochousadanmightypockets,Japan,1998-03-22,Nintendo,Nintendo,#players:1 #genre:board #addon:online>satellaview #compatibility:superfamicom>soundlink #lang:ja,845d6ff6bfcb3df6e709b1ba4c9c7586,fa2e11824be66b7967899cefc76ee65f8bd82340,93fba51e861ce9c1477ddf65ac1913ddc76c6dcadf0af833a46adea1b1730a9c,78f06e66790df94543394a16d1bf35b82d98630855b548b5970278957c85d77ec5caa12936b00dad31491b697412e9257ab1c6fafafa72b1e1dc5ed34de78653
SatellaWalker 2@サテラウォーカー2,SatellaWalker 2: Sate Bō wo Sukuidase!@サテラウォーカー2 サテ坊を救い出せ!,satellawalker2,Japan,1997-06-29,Nintendo,Nintendo,#players:1 #genre:sim>life:minigames #addon:online>satellaview #compatibility:superfamicom>soundlink #lang:ja,071313e4118d0008d59aa3312cbe8989,6f5caf8c4203c30661cd71112dd851c7e2cccb63,eb0f182756c7529d7e90d0e613a42351bc7ec3d823847b834f191b5927407fec,f23b78c991479334c8eaabb114695263cb6d1502a849b3293644d4ae341b6104045f5c1da6b56caf5a926fccdb1e983ff5746bfe60bf50239f7188301c48f4d8
SatellaWalker 2@サテラウォーカー2,SatellaWalker 2: Machi no Heiwa wo Tori Modose!@サテラウォーカー2 街の平和を取り戻せ!,satellawalker2,Japan,1997-07-06,Nintendo,Nintendo,#players:1 #genre:sim>life:minigames #addon:online>satellaview #compatibility:superfamicom>soundlink #lang:ja,,,,
SatellaWalker 2@サテラウォーカー2,SatellaWalker 2: Dai-1-wa: Mokumoku Kemuri Panic@サテラウォーカー2 第1話 もくもく煙パニック,satellawalker2,Japan,1998-02-15,Nintendo,Nintendo,#players:1 #genre:sim>life:minigames #addon:online>satellaview #compatibility:superfamicom>soundlink #lang:ja,f7139e2a0df8ffcf486215f35f6f57fa,3a46898cdbbb414bc6462effd4419a2a471be807,7ec6c2f0f425a1a823169d9301ca760aa53888c0e0f3fbb33d2ddfe7fb7b382c,4e9ade2633606dcffb6bdc587f2001f2cbe925633b061e59d0f811940dbea8e7181a052dd893bcc6d32e61dd6592efecb36a84aff291b144fa852a654be4ff1e
SatellaWalker 2@サテラウォーカー2,SatellaWalker 2: Bottom de Battle@サテラウォーカー2 ボトムでバトる,satellawalker2,Japan,1998-02-22,Nintendo,Nintendo,#players:1 #genre:sim>life:minigames #addon:online>satellaview #compatibility:superfamicom>soundlink #lang:ja,,,,
Sound Journal for Lovers: Valentine Special Vol. 1: Yōgaku Hen: Valentine ni Tsuite@Sound Journal for Lovers: Valentine Special Vol.1　洋楽篇 ヴァレンタインについて,,soundjournalforloversvalentinespecial1,Japan,1998-02-08,Nintendo,Nintendo,#players:1 #genre:notagame>media #addon:online>satellaview #compatibility:superfamicom>soundlink #lang:ja,7e51a6f28bedbce33a9b27d1978004e6,ca1020f1b2a5339669e36037a8ac3fa25701fd82,51bd3d7a9ada42cdf956f8fd3c935d8e7803b1106c236f2c91f975035305c1be,db6151b4822ee76a8072e465b64a7d58b1227d902288c5f5d8f558504513426d4b721f9cdd71c756bb92b39ce1377807e5a75c9357dbde5a117b4aae3e5e649e
Sound Journal for Lovers: Valentine Special Vol. 2: Hōgaku Hen: Valentine ni Tsuite@Sound Journal for Lovers: Valentine Special Vol.2　邦楽篇 ヴァレンタインについて,,soundjournalforloversvalentinespecial2,Japan,1998-02-11,Nintendo,Nintendo,#players:1 #genre:notagame>media #addon:online>satellaview #compatibility:superfamicom>soundlink #lang:ja,,,,
Spriggan Powered BS (Dai-1-wa)@Spriggan Powered BS (第1話),,sprigganpoweredbs,Japan,1996-07-07,Micronics,Nintendo,#players:1 #genre:shmup>h #save:password #addon:online>satellaview #compatibility:superfamicom>soundlink #lang:ja,,,,
Spriggan Powered BS (Dai-2-wa)@Spriggan Powered BS (第2話),,sprigganpoweredbs,Japan,1996-07-07,Micronics,Nintendo,#players:1 #genre:shmup>h #save:password #addon:online>satellaview #compatibility:superfamicom>soundlink #lang:ja,,,,
Spriggan Powered BS (Dai-3-wa)@Spriggan Powered BS (第3話),,sprigganpoweredbs,Japan,1996-07-14,Micronics,Nintendo,#players:1 #genre:shmup>h #save:password #addon:online>satellaview #compatibility:superfamicom>soundlink #lang:ja,ef03e9d4431049e4fd2293b2cb5d7761,55432770505da7137509a041f3f1db2381d7258b,bc7c9821a36de4834cf6697d07b0829b5b96ce284d1158d375b430a65bf4369f,53b2cfc41805d83bac160d3cf535ea35b43fcd9f59f402246cd94541f94f847ca1e048f683a2709fb1604bcfec760e3d8db0036c124f3634b6c2eb6a6450d397
Spriggan Powered BS (Dai-4-wa)@Spriggan Powered BS (第4話),,sprigganpoweredbs,Japan,1996-07-21,Micronics,Nintendo,#players:1 #genre:shmup>h #save:password #addon:online>satellaview #compatibility:superfamicom>soundlink #lang:ja,,,,
Spriggan Powered BS Prelude,,sprigganpoweredbs,Japan,1996-07-26,Micronics,Nintendo,#players:1 #genre:shmup>h #addon:online>satellaview #save:password #compatibility:superfamicom>soundlink #lang:ja,32d8b85a4ed351240e2d6d8ac5ca9365,1f2e0b09116c401b6f63bb3f04729636792a71b7,c7828a108698b5c5dcd1d2390d85ce8ec1807ae8c42b109f8e5d4afe885d51e4,83fa3bf8f38feb2ae5f217e0b986a492c5bbf812501f74d8db52910dbcfd0e01239d2c2e77d7913d6b06f84e3e658899efa33275bd78858b4bd200bd9e4e8de7
Super Bombliss (Dai-1-kai)@Super Bombliss (第1回),All Japan Super Bombliss Cup '95 Dai-1-kai@All Japan Super Bolbliss Cup '95 第1回,superbombliss,Japan,1995-10-04,BPS,Nintendo,#players:1 #genre:puzzle>drop #addon:online>satellaview #compatibility:superfamicom>soundlink #lang:en,8323dc670b8ca0a7451916e50c2e4204,cf2b49db5f8c400f69dc083aede89ad3fff70ec1,82d502b8f5a55509f2da609497b88918e1382a5cbada8c5fdb8c2f5b1ea28270,b64d794ee4bb60a4947bd59918838304c9a41e2890e84fe55bd5ea0fd529f67351d0caf917678cd68d6ea8fd33c8349b7b6e6db7827755d0da6c1c9d9f8e21fc 
Super Bombliss (Dai-2-kai) (10-13)@Super Bombliss (第2回) (10-13),All Japan Super Bombliss Cup '95 Dai-2-kai@All Japan Super Bolbliss Cup '95 第2回,superbombliss,Japan,1995-10-11,BPS,Nintendo,#players:1 #genre:puzzle>drop #addon:online>satellaview #compatibility:superfamicom>soundlink #lang:en,8323dc670b8ca0a7451916e50c2e4204,cf2b49db5f8c400f69dc083aede89ad3fff70ec1,82d502b8f5a55509f2da609497b88918e1382a5cbada8c5fdb8c2f5b1ea28270,b64d794ee4bb60a4947bd59918838304c9a41e2890e84fe55bd5ea0fd529f67351d0caf917678cd68d6ea8fd33c8349b7b6e6db7827755d0da6c1c9d9f8e21fc 
Super Bombliss (Dai-3-kai)@Super Bombliss (第3回),All Japan Super Bombliss Cup '95 Dai-3-kai@All Japan Super Bolbliss Cup '95 第3回,superbombliss,Japan,1995-10-18,BPS,Nintendo,#players:1 #genre:puzzle>drop #addon:online>satellaview #compatibility:superfamicom>soundlink #lang:en,8323dc670b8ca0a7451916e50c2e4204,cf2b49db5f8c400f69dc083aede89ad3fff70ec1,82d502b8f5a55509f2da609497b88918e1382a5cbada8c5fdb8c2f5b1ea28270,b64d794ee4bb60a4947bd59918838304c9a41e2890e84fe55bd5ea0fd529f67351d0caf917678cd68d6ea8fd33c8349b7b6e6db7827755d0da6c1c9d9f8e21fc 
Super Bombliss (Dai-4-kai)@Super Bombliss (第4回),All Japan Super Bombliss Cup '95 Dai-4-kai@All Japan Super Bolbliss Cup '95 第4回,superbombliss,Japan,1995-10-25,BPS,Nintendo,#players:1 #genre:puzzle>drop #addon:online>satellaview #compatibility:superfamicom>soundlink #lang:en,8323dc670b8ca0a7451916e50c2e4204,cf2b49db5f8c400f69dc083aede89ad3fff70ec1,82d502b8f5a55509f2da609497b88918e1382a5cbada8c5fdb8c2f5b1ea28270,b64d794ee4bb60a4947bd59918838304c9a41e2890e84fe55bd5ea0fd529f67351d0caf917678cd68d6ea8fd33c8349b7b6e6db7827755d0da6c1c9d9f8e21fc 
Actraiser,Actraiser@Actraiser アクトレイザー,actraiser,Japan,,Quintet,Nintendo,#players:1 #genre:action>platformer:sim>building>god #addon:online>satellaview #save:backup #lang:ja,1151741068304ec8a1e9df033ccf8bd7,1d94b555e3a5a018dabf5fe2ea62ba73c2927a82,ee9aa8d3fda46d15fa2cc28dcdc6c791214097bbb6a224bc585247f3985e413d,29eec05032534bf569455426b940d30b85cbea9234a2875d573db9dc53f990b72e7a1c44d55cdd67a8e07a9665a1ec6921c68af062ea9982320c728e40458269
Albert Odyssey,Albert Odyssey@Albert Odyssey アルバートオデッセイ,albertodyssey,Japan,1998-03-29,Sunsoft,Nintendo,#players:1 #genre:rpg>s #addon:online>satellaview #save:backup #lang:ja,b37f1c65206fc9fe876478d6c7d97395,1b1439f9f7eaeb9d1e8ee815889844e711ddf0c9,0630875957b22898120ce51a5c7f5212e4ac68f81a52e952ecd40a5c732a5968,e9b343ff465842c5d8e8e03c608e1128ae11bc42978dc9bd8539cce9dbba30797fb4eb41b24e3f0aede48f6384e8ea7610399a22548009e9bb98a6bb6a650c6c
Arkanoid: Doh It Again,Arkanoid: Doh It Again@Arkanoid アルカノイド Doh It Again,arkanoiddohitagain,Japan,1997-08-31,Taito,Nintendo,#players:2:coop:vs:alt #genre:action>blockbreaker #addon:online>satellaview:mouse>sfc #save:password #lang:ja,4c85950f32176c1f9a56fa3fdcfb705b,ba956799914c09d3b1dc8a839f0552f5d15534cf,3e8c96a9c9d93f77b2d7231f9e26721081e4d4bcfb912c1603485f8e6e4aa386,94d3f194626c4fba3aa14284ad14f66d815159fcfc4f68d8ce913e53929b7bc42eb931f6eba9044ce42b198da879329cc070014e5a4539751edffb532cdadfbf
Bokujō Monogatari@牧場物語,Bokujō Monogatari@牧場物語,bokujoumonogatari,Japan,,Amccus/Team Y&M,Nintendo,#players:1 #genre:sim>farm #addon:online>satellaview #save:backup #lang:ja #unfinished:demo,1fcf86e236e1c4531a79bedf5c341f50,0e1b22c42266bec16f7441304936cfee62012902,881e6f7b99b07eab63949f1b7cb88d0cecee4c9a33e6c7da7eab9ac43ad7d96b,b4d1003652bbf8345a3114771ae3096d67b2b546bb57dad284c2d10733714971c594bfdb0e39d687fd397ca7726d43c48bf1297ca0b759e80fa1685344b862c4
Chō Aniki: Bakuretsu Rantō Hen@超兄貴 爆烈乱闘篇,Chō Aniki: Bakuretsu Rantō Hen@超兄貴 爆烈乱闘篇,chouanikibakuretsurantouhen,Japan,1995-09-14,NCS/Bits Laboratory,Nintendo,#players:2:vs #genre:fighting #addon:online>satellaview #lang:ja,79aee68ad4103937716100bdbf957d05,e36b17e7a0bcc185df289cbea059b91eea19574f,0c908b4d289316299b32db94233c1aeca935499e38a15a9c284f8d11dae32473,4dd115b11bb79cdbe3458f430ee3199d843bd1e3e82042317711228b28fa7a6fa6f7486ef7aa824bf6c8874e2d6a38a5cfd8648dbb53d7ba6c5030e44303ab2b
Chrono Trigger: Character Library,Chrono Trigger: Character Library@Chrono Trigger クロノトリガー キャラクター図鑑 ,chronotriggercharecterlibrary,Japan,1995,Square,Nintendo,#players:1 #genre:notagame>application #addon:online>satellaview #lang:ja,fe72292b679f743dad8e93da4102da3e,dcb1cf6ebcae6e018cf6741416008ad37ebb34b7,9243a6b614667cad38dfab976c8b55e358a7b869b1b93619a495139ae7fd82eb,d378ebe08202158248e83e50f3a9e50eddf6d5327dcdb0850f3f057234d3731736c88c66ca13f447c1fa1ef64e2dc4c0617eaaa86a34f58eab215e592fe51c0e
Chrono Trigger: Jet Bike Special,Chrono Trigger: Jet Bike Special@Chrono Trigger クロノトリガー ジェットバイクスペシャル,chronotriggerjetbikespecial,Japan,1995,Square,Nintendo,#players:1 #genre:racing #addon:online>satellaview #lang:ja,948256257bffc94b876e2b4a3b988f54,c9110bf2c6660c934f6540d800751171573c5788,000f57f822567fcac5547025ca5fb883b01b2858adc80fd66fd21b60064c5cbc,d41e5a1b347a92659750f53c450469594d8a71622bb4bb7a34bce94ad65f6a4f57a85acc81eac5feb588eab738d445e48287209c904ade8f16973aa2d44403c3
Chrono Trigger: Music Library,Chrono Trigger: Music Library @Chrono Trigger クロノトリガー ミュージックライブラリ,chronotriggermusiclibrary,Japan,1995,Square,Nintendo,#players:1 #genre:notagame>media #addon:online>satellaview #lang:ja,26bacc5bc306454a74e4da1ebd9530d7,86c56a950922a93bb9fe52f871b753ba05612f5b,59bfcfade50cf886f7338ac84a7608cd8b78ee32c2e3625dc61fa3c5d1bd386f,acde1e18a9429dfc3f8cbe68dc288dcf99c9da49d287400e054daecc54b46d8b089bc3a3796ec376366217842266947a7ec5724683d7e607614913ec5bffe0c3
Cock-A-Doodle-Do: RPG Tsukūru Super Dante@クック･ドゥ・ドゥル・ドゥー RPG ツクール Super Dante,Cock-A-Doodle-Do: RPG Tsukūru Super Dante@クック･ドゥ・ドゥル・ドゥー RPG ツクール Super Dante,cockadoodledo,Japan,1996-06,ASCII,Nintendo,#players:1 #genre:rpg>j #addon:online>satellaview:backup>turbofile #save:backup #lang:ja,7ea34dc2a233d7adc13297dae563c053,1ea437e679549f76a362619657a0875d25d3a4ef,9d39c45a92d4831bd0c664e1ea992c9b0e4dc3f92854ecb3beab5d3eed631791,97e581ad8a0caec8a85b65fd6b3592a45fe6f4bb953eca899ae5e5b04b2a294d919371ea95318091c0a5f4b24745b486b7725f1993ef13a89b6ca825e27493b5
Cooly Skunk@クーリースカンク,Cooly Skunk@クーリースカンク,punkyskunk,Japan,1995,Ukiyotei/Visit,Nintendo,#players:1 #genre:action>platformer #addon:online>satellaview #lang:ja #unfinished:demo,50d29e297a50b3d2767b63a7351849f5,257d9630fa5699dad326542358c1933c8fa8c480,96d44a7856a85328b12f2dd39f3b8fc1c5c433526f1f7aec13e8acd7ec0a4fae,a84df82d765e3bee97f471cab8058f022d4b6c1099094c87df32345417d554e81cede781badc0fae150e8b52b991d3b4c49dad5c6716ae23cc3caf7ce963baf0
Cu-On-Pa SFC (10-27)@Cu-On-Pa SFC クオンパ (10-27),Cu-On-Pa BS Ban (10-27)@Cu-On-Pa クオンパ BS版 (10-27),cuonpasfc,Japan,1997-06-29,T&E,Nintendo,#players:1 #genre:puzzle #addon:online>satellaview #lang:ja,45eb3c4ce2f9976f13bdefcc91ec8ce9,7972aaa29726990f87bdc989e4fcd4f8db079c37,c263500026d409d20caeafab2c4ad4a8e1b3326f772fc5f3ee0ed47f6b5dcd8e,e686497d20aa2c97d370844a95070271c02f044757a85c370453fb82c8cbafa2b294efd1af9f532a6805fa6e9bb79d0761269543709bf6fa6922ba8a44bd8552
Cu-On-Pa SFC (5-31)@Cu-On-Pa SFC クオンパ (5-31),Cu-On-Pa BS Ban (5-31)@Cu-On-Pa クオンパ BS版 (5-31),cuonpasfc,Japan,1997-06-29,T&E,Nintendo,#players:1 #genre:puzzle #addon:online>satellaview #lang:ja,0bb855b451553f3000aec1ba5d260b8d,1b806a2e034761f2d5acb472be62cfc63a8a67bd,b0b4984d61d132dbbdfd6cf6e052dbd36d23684448a56c9b1db2ad711f6c8ac2,a7fa8b66734fe8a4fac3e930c0d06a4ed26b97f8183c2617d0f44586de13fb42b33b345be7720b15747ff1450b071a2e438171111b51d65bdfa1d8a6458a62af
Cu-On-Pa SFC (6-15)@Cu-On-Pa SFC クオンパ (6-15),Cu-On-Pa BS Ban (6-15)@Cu-On-Pa クオンパ BS版 (6-15),cuonpasfc,Japan,1997-06-29,T&E,Nintendo,#players:1 #genre:puzzle #addon:online>satellaview #lang:ja,3f0e5917e66499216aeba8f491daec45,f09dc86eccae64e54ab71cd051e9cdcd77edaeac,89786bfd2dac6daa064f941fcf5345d5fb4acc31beb9295f59cc988d89712fdd,b7276462f6d9ee15f0a110550e548c3fc394254ad9ee60ab84dc149ba18cdccf67b6a01c3339f7ef7f7fc5801db2efe70337f60c756cffde84f0cf4786570602
Daibakushō Jinsei Gekijō@大爆笑 人生劇場 Jin Sei Geki Joh,Daibakushō Jinsei Gekijō@大爆笑 人生劇場 Jin Sei Geki Joh,daibakushoujinseigekijou,Japan,,Sting,Nintendo,#players:6:vs #genre:board #addon:online>satellaview:multitap>super #lang:ja,04e8701b433b99aca432894733adaf63,c6dc571a70553701d2d9758544ce2d55bb4ed820,b3c1704071554beb769e593711e73360aa4926f3eebdf708a8d0b3b9b950ea28,c6a9b1ba6b077f09e5a5fa3cec917ad2799bacd6b4aa5647832a384fecba91619efed59aea195678bee6da84ef1bbb3d682c9e7401044085434327dc62658e0b
Darius Force,Darius Force@Darius Force ダライアスフォース,dariusforce,Japan,,Act,Nintendo,#players:1 #genre:shmup>h #addon:online>satellaview #lang:en,fb385a521d31b720d58c8566be2a98a0,d4a9ae0add675868c3468c35a14026bab4cd793c,79b842e4a7696822457c64cd18667a2048b92114f90dcf369954bf272d49741e,2dc53cdbab99ab2c31ff286281e2bf4bc859e8dbc86a4da66cb51b39c5989475916599451d19155fd8b42b8bb80f6606b66da7088b2505c0924a44ae22b61542
Dezaemon BSX Version,Dezaemon BS Ban: BS-X Shooting@デザエモン BS版 BS-Xシューティング,dezaemonbsxversionbsxshooting,Japan,,Athena,Nintendo,#players:1 #genre:shmup>v #addon:online>satellaview #lang:en,7328c333cc54aee986b981f816e30830,e52d59e800c17c678711a681d3308f0804c238e0,e492e80c7f8457046430eb8920c6f8fa9b96c7d418db1670d6cc4a9f4f3a272e,23c513af74f49a96e6fb89cd1cd923d2d6aeef8b25d7fa067b315f14fb55bb074412fd1b2f2bbdbb0c9ab0a1e4e30083ef0442cece766673b98f2977f983c63b
Dezaemon BSX Version: Jintai Sugoi STG!!@Dezaemon BSX Version 人体 凄いSTG!!,Dezaemon BS版 Jintai Sugoi STG!!@デザエモン BS版 人体 凄いSTG!!,dezaemonbsxversionsugoistg,Japan,,Athena,Nintendo,#players:1 #genre:shmup>v #addon:online>satellaview #lang:en,,,,
Dezaemon BSX Version: Crystal Guardian: Sugoi STG-2,Dezaemon BS版 Sugoi STG 2: Crystal Guardian@デザエモン BS版 凄いSTG-2,dezaemonbsxversionsugoistg2,Japan,,Athena,Nintendo,#players:1 #genre:shmup>v #addon:online>satellaview #lang:en,07e471a0ebf67977f63673e4d5377cd2,3d917791ff4c19d464b00cf03d83761f46ff75e8,0f8fe002b318a10191f61fc136549846670ccb0ca975cb58f3b8206d5fedeff1,3417cda1f65006a117c4e881e183fc3a8c15b8ee3118e83993beae933221f69f78b5a3e1eaf82bd9a5450707ea29ef1715f26f15910a4736396b2306ca214168
Dokapon Gaiden: Honoo no Audition@ドカポン外伝 Dokapon 炎のオーディション,Dokapon Gaiden: Honoo no Audition@ドカポン外伝 Dokapon 炎のオーディション,dokapongaidenhonoownoaudition,Japan,1995-08,Asmik,Nintendo,#players:4:vs #genre:board #addon:online>satellaview:multitap>super #save:password #lang:ja,ee6d55bb139f9b731700d21b658ba471,ef350fbcb1c43e970742552c29ea48d68ba445e8,04847fed13e94d55ea3001381596ddc27736f5ca921e586055c04545e9d6063e,7cc658febe67567d8d3744686e6120a42d7aa153b5d4ab1d7bb2e5c73f7f56ec1cfde4f9099f8689bb06ef224d3fa956d7357052b6bae6ec150ff6bba61830dc
Dr. Mario BS (3-3),BS Dr. Mario (3-3)@BS Dr. Mario ドクターマリオ(3-3),drmario,Japan,1997-03-30,Nintendo,Nintendo,#players:2:vs #genre:puzzle>drop #addon:online>satellaview #search:feature>mario #port:nintendo>famicom #lang:en,8d2020463ca6ae2a2e2f8f632e996bcd,e02b1b50d0928af8e0688392f7424b4c5efa7471,3723cd001a14e5a488295e8165f39b561660b6143f5acd7f4e320eed70c6857d,0a9801230b07451a652011b09defaaf9e2b7cca0573c6a717c0577c773dae04894cba18cb8f7ff4461a9d8c14443e5120c8c6591e696ceac1b421834f82270d3
Dr. Mario BS (4-3),BS Dr. Mario (4-3)@BS Dr. Mario ドクターマリオ (4-3),drmario,Japan,1997-03-30,Nintendo,Nintendo,#players:2:vs #genre:puzzle>drop #addon:online>satellaview #search:feature>mario #port:nintendo>famicom #lang:en,8e5976f64284fca4a715d0cd84d2be94,b622a55e36cc07c1fcf6ebb0833d62648ed53fcf,d300d3ee9c23c8abe304b02675c0764a86147ab34ff71abd1b9a4eba180966da,2e5fd8daf60851a4799c1ef70615ccf14b64bbaafc29b38ee15fcd6337dbf2e58394b0510c0a2266ef2481d111848b26072999be459ac3e5613779090ff13bc7
Dr. Mario BS (6-3),BS Dr. Mario (6-3)@BS Dr. Mario ドクターマリオ (6-3),drmario,Japan,1997-03-30,Nintendo,Nintendo,#players:2:vs #genre:puzzle>drop #addon:online>satellaview #search:feature>mario #port:nintendo>famicom #lang:en,29b9b04626340dd66a4a5cbfb91cc9fd,679ea324914230699201460b53db1c50ae513539,c9e48b187e8850268c0dd144c893bb9060e0503e771f11157e6a991febc63874,e3eed60b5354e7eb9cd5570625031df43f7d55731bd155e59b97278a01dfa76337f5fb90185b79f89a0e317f1f9ae46ef6e7385597c0bd3e46616786dcbde35e
Dragon Slayer: The Legend of Heroes,Dragon Slayer: The Legend of Heroes: Eiyū Densetsu@DragonSlayer ドラゴンスレイヤー The Legend of Heroes 英雄伝説,dragonslayerthelegendofheroes,Japan,1997-08-31,Epoch,Nintendo,#players:1 #genre:rpg>j #addon:online>satellaview #save:backup #port:nec>pc88 #search:franchise>dragonslayer #lang:ja,e312154e1845b1b277358cf71468a4c2,a0f2e265375c17981f601cb3c9ff8ea16cfbc6e1,9241f117d74cb3ba9cfb4c803bb040a7067f4265afa833a67a5d7534a4ed30da,d34ec1ef06c467e6272793538fb944807411380adc95c5bbf6eda528d989791c4fc1249bcb4b0d3ab6ce541ea5d702cb9ad1c7c38c3c6cd0502abe09e1689b87
DynamiTracer@DynamiTracer ダイナマイ・トレーサー,DynamiTracer,dynamitracer,Japan,1996-01-27,Square,Nintendo,#players:1 #genre:adventure #addon:online>satellaview #save:backup #lang:ja,e80b44e6475f8ef37652cd46dd2d31ec,092083f41848093134c87cfa757a26bc3d1d297b,5a12f060edf4f43fb97fe8571f39a1c4aca2e828e53824ac845b638773810998,8d4e14b331128e285cb67ed3f1f6250963a621679833d657e66d032f4d132a9cc56205311e306f6e08167cc4f5361bd879ad9b4f4b0fc0509b0eaefc4b701c7b
F-Zero,F-Zero@F-Zero エフゼロ,fzero,Japan,1996-12-01,Nintendo,Nintendo,#players:1 #genre:racing #addon:online>satellaview #lang:en,1632f488d5920d90ed8bf309cd83ecec,c438c2fc89fb869d4f738500f5125bdfb071b218,7bd7ec23d7f3f7cab32249697e1dc7e890edccfe1ff9d20e487dcff7c9c1836f,53c6b36804d5aeae6e5cdcce4d4476cc3da8bd9ece965eec0bc80d173b7554810b1f1afe3c6d97bb42d4b6455eeac8f124e1d54a7c42eec0b208933aa9e6c0b6
Gambler Jiko Chūshinha 2: Dorapon Quest (12-19)@ぎゅわんぶらあ自己中心派2 ドラポンクエスト (12-19),Gambler Jiko Chūshinha 2: Dorapon Quest (12-19)@ぎゅわんぶらあ自己中心派2 ドラポンクエスト (12-19),gamblerjikochuushinha2doraponquest,Japan,,Game Arts/Ellow Horn,Nintendo,#players:1 #genre:board>mahjong:rpg>j #addon:online>satellaview #based:manganime #lang:ja,fb92c4f2ad7ff75625f84b213dc4f95b,10ed890794c969654fccc8b15e92d4cef5d13382,078ddbc2e5eca3b1228966542561fb57ce5583506ff6bcf758b5139e5d6a6105,c00476f42b4cef42af694d60080169ab61610a305bc817b1405dff36c34f814bda6c7c3dab5c379904f91200c87d744c79babd28968f07749b87fd8b942f7678
Gambler Jiko Chūshinha 2: Dorapon Quest (12-20)@ぎゅわんぶらあ自己中心派2 ドラポンクエスト (12-20),Gambler Jiko Chūshinha 2: Dorapon Quest (12-20)@ぎゅわんぶらあ自己中心派2 ドラポンクエスト (12-20),gamblerjikochuushinha2doraponquest,Japan,,Game Arts/Ellow Horn,Nintendo,#players:1 #genre:board>mahjong:rpg>j #addon:online>satellaview #based:manganime #lang:ja,8d78a51cccd33613a88a1c80acee9ddc,a4999b026cd05ae71b6f0a8ede1ce1bf86215d08,f60b51c4590a550f4e9a6b1386b091be2032d7707339fc0c0c1a426f4bf885e6,5f656c67335fd1c302b2a1114a17031221acdd2d3746f6ee3a6dce11500e4e5719473a379593a6259abb2f290db5ec6f83a27616d9a8b995d39cc19b91156033
Golf Daisuki! O.B. Club@ゴルフ大好き! O.B.倶楽部,Golf Daisuki! Golf@ゴルフ大好き! Golf: OB Club,golfdaisukiobclub,Japan,1997-04-27,NCS,Nintendo,#players:2:vs #genre:sports>golf #addon:online>satellaview #lang:ja,64cc98482de6fab9b750464b5f2a3d35,b7fba94a3bc5b7b46cf005e7f8116c4221005ee3,5ff4f8f590e69855c9de4348c8ba44fde03a6a241b992783324afb41d873f03e,2e7aad89172d9dffd9569a445baced7126849e77edccf452dc2c0195613f5a8dbb8ce9c25bf7c5a99ef3cffe9fa103a398592fb32664987356eb0fef1981fff6
Heisei Gunjin Shōgi@平成 軍人将棋,Heisei Gunjin Shōgi@平成 軍人将棋,heiseigunjinshougi,Japan,1996-01,Carrozzeria/Triad,Nintendo,#players:2:vs #genre:sim>strategy #addon:online>satellaview #lang:ja,fe0046ec0e6f4bea38e5d2e4e1efd32a,b9a5bd489a8abc38a6d178f5552d4ede3e0dd9e4,9ef79ccbc53a01753b2ac35a843738a0141633dbdf120b23cf775c0263237ae3,7ebc05f3fe9adbb70774cdfc57dd2c8c08fb8c5cec763bbb7bfbb1073a4bd45c70934c9ce0d84614e4efdbd4e7fd277db5cfaffbe4a8f9bb0e4a454507ebac08
Ikari no Yōsai@怒りの要塞,Ikari no Yōsai@怒りの要塞,ikarinoyousai,Japan,,K.K.DCE,Nintendo,#players:1 #genre:action>runandgun #addon:online>satellaview #lang:ja,9d32651f297c10c2edb351857bbd65c3,6954a0f3979869f5ae322e51d9d90cfc6d341f2f,010a8c2e6551272fc4d6042fe4d998b01d3eaff981475ade25613bcf1ad27f37,19f028d77f5b75ca36de1df51b3909af80c285eb54572a736dbc4bdd89e548c8cfac7e234f7e1ac2062c13e20c6ead4dc912412eaa535e525f12c3d06942f80e
Jewel of Live: RPG Tsukūru Super Dante@Jewel of Live: RPG ツクール Super Dante,Jewel of Live: RPG Tsukūru Super Dante@Jewel of Live: RPG ツクール Super Dante,jeweloflive,Japan,1996-05-01,ASCII,Nintendo,#players:1 #genre:rpg>j #addon:online>satellaview:backup>turbofile #save:backup #lang:ja,792459e89c84627b53a77b3bf92b6195,18b18757c79b48d1472dba53e475edae73e867ae,03d43b973fb4bcbd32696fd6e1fb316b0e9e1c681aa77e0ea504de6c29b64de9,650f91f3d22d0504d9f86fdc0ef88028484d555e07a6db4dd6655f73223d6cc93e53a0a8a89bef55589202ce3eaa79c1567f77cd6c662fe7d2542d05085ac524
Jewel of Live II: RPG Tsukūru Super Dante@Jewel of Live II: RPG ツクール Super Dante,Jewel of Live II: RPG Tsukūru Super Dante@Jewel of Live II: RPG ツクール Super Dante,jeweloflive2,Japan,1996-06-02,ASCII,Nintendo,#players:1 #genre:rpg>j #addon:online>satellaview:backup>turbofile #save:backup #lang:ja,d3cfe6545f8c27e293ba42bbe2217eb5,a134ffd765db8f357bd48de871adf0c579730b83,3b6cd63d813d94fa9832c146959bd00c17d2707c25686546815e769096e15084,a5630acd552b9a182afe6439a8f3d256aeb57626d172ec9dd758b1e57f30096db2eda2ed7e917069ab360e4128022000ed8f024040b060bc8b1669401e6fe3fc
Kaizō Chōjin Shubibinman Zero@改造町人シュビビンマン零 ゼロ,Kaizō Chōjin Shubibinman Zero@改造町人シュビビンマン零 ゼロ,kaizouchoujinshubibinmanzero,Japan,1997-03-30,NCS,Nintendo,#players:2:coop #genre:action>platformer #addon:online>satellaview #lang:ja,db4dd0305051f7d3ca7bd2e114f4f1dd,dd084021a7e2afd939fee3b6426778f6e5c2f333,10ea8692eab26992850669796d32b55091314b6c64855a60f111836484490581,21de1cdf7d34e4c20c829d0bba847ad3463d57ac3a8e5f7093a578205b4a88514fd3a47b7d87af98536f17f361a0d7925461efc1cffd804df294a407a1596054
Kessen! Dokapon Land IV: Densetsu no Yūsha-tachi@決戦! ドカポン王国IV 伝説の勇者たち,Kessen! Dokapon Land IV: Densetsu no Yūsha-tachi@決戦! ドカポン王国IV 伝説の勇者たち,kessendokaponoukoku4densetsunoyuushatachi,Japan,,Asmik,Nintendo,#players:4:vs #genre:board #addon:online>satellaview:multitap>super #lang:ja,9cb2fb499d440cb687a02d9c94b7621e,a40d9dedeff858fca2a549fadb2cbe7f0a84fc44,396c65057edd1a18fefe89c420e3a7b3a402e80345e7e72e60e159a40fbbedc5,3a7aab67b9bc7720f19ee6b7c05679720a63d7ae452a508bd9b84d17a974fdd48ca4319f5207184f542f3584dc302a8959b87e284372ac3beb37dc7e221e21a0
Kid Klown in Crazy Chase,Kid Klown in Crazy Chase,kidklownincrazychase,Japan,,Kemco,Nintendo,#players:1 #genre:action #addon:online>satellaview #lang:ja,f7785e8f05fea488ae1584b1e136256e,b4ef639f09376a7880dcec6f23a03b08c0254b86,41cefd7c2cf9ad712d2a13e0d9c4819247474081936f8785bec830890af63063,921ba72c1068b47ce682e3baa0e5a3b3f0052446dc8c1aa4b4a2609d777bc8a2e7136182ee5daed29fa5c4590ea2cafe532ae63bbd4a3abdb93842c472fad06e
Kiki Kaikai: Nazo no Kuro Manteau@奇々怪界謎の黒マント,Kiki Kaikai: Nazo no Kuro Manteau@奇々怪界謎の黒マント,kikikaikainazonokuromanteau,Japan,,Natsume,Nintendo,#players:2:coop #genre:action>runandgun #addon:online>satellaview #lang:ja,d9ed1df9b7deb990c9b8ece5d9898515,0953cd1bc40bf0cdbcbd8963786b869354e894e4,012b06bde8feb0b704517c3d4f996e20714b2273d5615aa00f21ab00e3a44ad8,e9c7b690d1d2d1170d190bfa9f60e327ef51e7930065386543258f352f08b705bb8211e0e34d5cc9e7f6338d1d9e43790881b5f106dae3916777e4f0985178e8
Kirby no Omochabako: Arrange Ball@カービィのおもちゃ箱　アレンジボール,Kirby no Omochabako: Arrange Ball@カービィのおもちゃ箱　アレンジボール,kirbynoomochabakoarrangeball,Japan,1996,HAL Laboratory,Nintendo,#players:1 #genre:parlor>pachinko:puzzle #addon:online>satellaview #lang:en,7ca9979d1fc3e1cef697c757d4616c2a,31407d5b2e60e480be4f5e34ce47f6a0a8de1b08,0cbbb40b99f163aebdaa80e2506daf50ca4864c2cd565299b7867af7eb8b51f7,f626e52d7f92ea4c9cd7cfda34e4a5b655fc96cf2206b4bcfe5bfe374b1a6fdde8fd3c8fac82d619e004c0fc4c3a7c37f7b0f21e80b3043f4c2a831161b65436
Kirby no Omochabako: Baseball@カービィのおもちゃ箱　ベースボール,Kirby no Omochabako: Baseball@カービィのおもちゃ箱　ベースボール,kirbynoomochabakobaseball,Japan,1996,HAL Laboratory,Nintendo,#players:2:vs #genre:parlor>pinball:sports>baseball #addon:online>satellaview #lang:en,62ec01a92cbd02f4680fcb59c53d7ec2,728e0bf73e825b2555c6211d35b9041f37f0ae48,5653628818c1c4d1657c9caffe05f5ab81eb1d318f2001d5ad28124e9060f1c4,b7f2de680ac8c54938c603939f6082345b27de02756ef32317767ea692b7ea5006c5e96b89551d6126e4b20d845a5f1f4ab42691b2e5cb2bdc0a7e5da8f848dd
Kirby no Omochabako: Ball Rally@カービィのおもちゃ箱　ボールラリー,Kirby no Omochabako: Ball Rally@カービィのおもちゃ箱　ボールラリー,kirbynoomochabakoballrally,Japan,1996,HAL Laboratory,Nintendo,#players:1 #genre:puzzle:parlor>pachinko #addon:online>satellaview #lang:en,,,,
Kirby no Omochabako: Cannon Ball@カービィのおもちゃ箱　キャノンボール,Kirby no Omochabako: Cannon Ball@カービィのおもちゃ箱　キャノンボール,kirbynoomochabakocannonball,Japan,1996,HAL Laboratory,Nintendo,#players:2:vs #genre:action #addon:online>satellaview #lang:en,072166f9c1ff7300114c210f30e4cf8a,2fc036b40416eac4b79935258583918606a10ba8,5dfead5fb68b18dad3b13f4d9f30dae1209ee2e1dd7b771b8d379f8a39b5eaf0,2c6dcfec2ca674ddd62cd77b16d227a1eba7bf5e352320bdec1791a8b0f95d7518cc6ab577aadf257b76f655f36afadb2c9315abb616468305e617d97e26dd23
Kirby no Omochabako: Guruguru Ball@カービィのおもちゃ箱　ぐるぐるボール,Kirby no Omochabako: Guruguru Ball@カービィのおもちゃ箱　ぐるぐるボール,kirbynoomochabakoguruguruball,Japan,1996,HAL Laboratory,Nintendo,#players:1 #genre:puzzle #addon:online>satellaview #lang:en,6d6a1e5ef45b4344751f674d7af19a62,b9000c63d44c8b59be7bf6a38248da63e906bde8,35cd147f4bd214d8414db7e6c4f4e69c0bc8ed9413bc0d2e2a48c681d7a544b1,9bbba54ea0d1cde3f91fddb2217f43effbc45bbc0c3a9ac8115cdebe3c5c445fe05b3ad74ebfd4e01ed22097236cc7e0f7ed571c2c044dd7b209aec4ded7e70c
Kirby no Omochabako: Hoshi Kuzushi@カービィのおもちゃ箱　星くずし,Kirby no Omochabako: Hoshi Kuzushi@カービィのおもちゃ箱　星くずし,kirbynoomochabakohoshizuzushi,Japan,1996,HAL Laboratory,Nintendo,#players:1 #genre:action>blockbreaker #addon:online>satellaview #lang:en,81b0f5ef9e0d42656f7a874b9a7da0dc,b6cda98a2a6a7a6aa9a64aec7f346039a608b093,874a80b5f6eed8d160cbb3be5e7bc89508473dc3a1fc5a38fff9c8db967ae322,98527b9de2c34c5b2ecf6f4252e8f872e1c7fad4643b6f5b5f80bf2148c9c7967616bf54ae0fac26535374fddf5ac80d95dff3104ada814531af320948ddf202
Kirby no Omochabako: Pachinko@カービィのおもちゃ箱　パチンコ,Kirby no Omochabako: Pachinko@カービィのおもちゃ箱　パチンコ,kirbynoomochabakopachinko,Japan,1996,HAL Laboratory,Nintendo,#players:1 #genre:parlor>pachinko #addon:online>satellaview #lang:en,c29e2ac4c326cf1d1f5c0c048d17a005,abc1011c76eccd680a9f6ebbc3c20ff525f41e97,d99186b6eebe3853c30473d3c22eccfde25c1613535e16600fbde260ec646a1f,69e403aaba604a746244d05a28859f867f9442ae57506b7f9dd9f5e436a0f20d20215bb4765ae13f470393ac560c51939d07658c508a3061e55ee3b03488c52a
Kirby no Omochabako: Pinball@カービィのおもちゃ箱　ピンボール,Kirby no Omochabako: Pinball@カービィのおもちゃ箱　ピンボール,kirbynoomochabakopinball,Japan,1996,HAL Laboratory,Nintendo,#players:1 #genre:parlor>pinball #addon:online>satellaview #lang:en,612cad0100b9a37693815542d501a193,53faf45fd03937f663dd2e8047badb162922f896,f2fd097cf21d9210f7bb53710008f7b30765faa874a34f19b5e5cc941f2be2c0,a49dcf29c3db078a59d38e5f73db135ab8c0aa5369461d7afaec05be03d9bec8f56e29c63d9705608ca71577499ff8a0f0b48a04b0796fa0dbfd6d37edb6f0a9
